YrFireName,Fire,Dataset,N,yr_fire,Latitude,Longitude,Elevation,month_fire,day_fire,Fire_type,State,Sample_design,Plot_size_ha,Threshold_diameter_cm,Study_purpose,,,,
1981 - Manning Basin,Manning Basin,Brown,465,1981,42.602739,-111.119003,2028,9,22,RX,Idaho,Fixed-area plot,0.01815,0 (every tree counted),Fuel Treatment Effects; Tree Mortality,,,,
1981 - Snowdrift,Snowdrift,Brown,481,1981,42.549037,-111.226913,2860,9,22,RX,Idaho,Fixed-area plot,0.01815,0 (every tree counted),Fuel Treatment Effects; Tree Mortality,,,,
1981 - Steep Creek,Steep Creek,Brown,323,1981,42.272226,-110.556666,2368,9,28,Wild,Wyoming,Fixed-area plot,0.01815,0 (every tree counted),Fuel Treatment Effects; Tree Mortality,,,,
1982 - SEKI 69 or 74 Reburn,SEKI 69 or 74 Reburn,NPS,9,1982,36.706663,-118.92054,1903,NA,NA,NA,California,Fixed-area plot,0.1,15.1,Forest Dynamics; Fuel Treatment Effects,,,,
1983 - Oops,Oops,Hood,170,1983,48.359752,-116.752536,1303,10,NA,Wild,Idaho,Fixed-area plot,not available,not available,Tree Mortality,,,,
1983 - Upper Priest,Upper Priest,Hood,188,1983,48.359561,-116.751443,1315,9,NA,RX,Idaho,Fixed-area plot,not available,not available,Tree Mortality,,,,
1984 - Lower Priest,Lower Priest,Hood,281,1984,48.359561,-116.751443,1315,6,1,RX,Idaho,Fixed-area plot,not available,not available,Tree Mortality,,,,
1986 - SEKI Muir PNF,SEKI Muir PNF,NPS,43,1986,36.634222,-118.8385,2082,NA,NA,PNF,California,Fixed-area plot,0.1,15.1,Forest Dynamics; Fuel Treatment Effects,,,,
1987 - SEKI Pierce W,SEKI Pierce W,NPS,74,1987,36.676244,-118.935951,1690,NA,NA,Wild,California,Fixed-area plot,0.1,15.1,Forest Dynamics; Fuel Treatment Effects,,,,
1988 - Air Patrol,Air Patrol,Hood,505,1988,45.50256,-106.586448,1269,8,11,Wild,Montana,not available,not available,not available,Tree mortality,,,,
1988 - Brewer,Brewer,Hood,626,1988,45.635843,-104.169324,1229,6,20,Wild,Montana,not available,not available,not available,Tree mortality,,,,
1988 - Canyon Creek,Canyon Creek,Hood,69,1988,46.43917,-111.792756,2378,6,25,Wild,Montana,Individual tree,NA,NA,Tree mortality,,,,
1988 - Earlybird,Earlybird,Hood,615,1988,45.665263,-106.513703,1319,6,4,Wild,Montana,not available,not available,not available,Tree Mortality,,,,
1988 - Greater Yellowstone Ecosystem,Greater Yellowstone Ecosystem,Hood,310,1988,44.193531,-110.55852,2391,8,20,Wild,Wyoming,Variable radius plot,2.296,not available,Fire-insect Interactions; Tree Mortality,,,,
1989 - SEKI Crystal,SEKI Crystal,NPS,51,1989,36.600681,-118.810218,1922,NA,NA,NA,California,Fixed-area plot,0.1,15.1,Forest Dynamics; Fuel Treatment Effects,,,,
1989 - SEKI Huckleberry,SEKI Huckleberry,NPS,75,1989,36.554259,-118.757091,2061,NA,NA,NA,California,Fixed-area plot,0.1,15.1,Forest Dynamics; Fuel Treatment Effects,,,,
1990 - LAVO Butte Lake,LAVO Butte Lake,NPS,23,1990,40.581287,-121.29656,1794,NA,NA,RX,California,Fixed-area plot,0.1,15.1,Forest Dynamics; Fuel Treatment Effects,,,,
1990 - SEKI Grant West I,SEKI Grant West I,NPS,30,1990,36.745819,-118.977166,1898,NA,NA,NA,California,Fixed-area plot,0.1,15.1,Forest Dynamics; Fuel Treatment Effects,,,,
1990 - SEKI Highway 2,SEKI Highway 2,NPS,34,1990,36.573364,-118.760402,2081,NA,NA,NA,California,Fixed-area plot,0.1,15.1,Forest Dynamics; Fuel Treatment Effects,,,,
1990 - SEKI Tharps,SEKI Tharps,NPS,21,1990,36.57375,-118.747969,2197,NA,NA,RX,Utah,Fixed-area plot,0.1,15.1,Forest Dynamics; Fuel Treatment Effects,,,,
1990 - SEKI Tharps,SEKI Tharps,USGS_Demog,837,1990,36.56328,-118.74282,2185,10,23,RX,California,Fixed-area plot,1 and 1.125,0.1,Forest Dynamics; Fuel Treatment Effects,,,,
1991 - SEKI Deer Creek PNF,SEKI Deer Creek PNF,NPS,31,1991,36.448493,-118.658518,2104,NA,NA,PNF,California,Fixed-area plot,0.1,15.1,Forest Dynamics; Fuel Treatment Effects,,,,
1991 - SEKI Presidents SMA,SEKI Presidents SMA,NPS,8,1991,36.575029,-118.748578,2175,NA,NA,NA,California,Fixed-area plot,0.1,15.1,Forest Dynamics; Fuel Treatment Effects,,,,
1991 - SEKI Tharps IV,SEKI Tharps IV,NPS,24,1991,36.571468,-118.74723,2198,NA,NA,NA,California,Fixed-area plot,0.1,15.1,Forest Dynamics; Fuel Treatment Effects,,,,
1992 - BAND 48,BAND 48,NPS,8,1992,35.76835892,-106.2984423,1965,NA,NA,RX,New Mexico,Fixed-area plot,0.1,15.1,Forest Dynamics; Fuel Treatment Effects,,,,
1992 - GRCA Entrance,GRCA Entrance,NPS,33,1992,36.029282,-112.12914,2086,NA,NA,RX,Arizona,Fixed-area plot,0.1,15.1,Forest Dynamics; Fuel Treatment Effects,,,,
1992 - GRCA Northwest1,GRCA Northwest1,NPS,94,1992,36.350294,-112.270197,2437,NA,NA,RX,Arizona,Fixed-area plot,0.1,15.1,Forest Dynamics; Fuel Treatment Effects,,,,
1992 - GRCA Topeka - Atchison 2,GRCA Topeka - Atchison 2,NPS,23,1992,36.028971,-112.143401,2062,NA,NA,RX,Arizona,Fixed-area plot,0.1,15.1,Forest Dynamics; Fuel Treatment Effects,,,,
1992 - SEKI Grant West,SEKI Grant West,NPS,114,1992,36.745819,-118.977166,1898,NA,NA,NA,California,Fixed-area plot,0.1,15.1,Forest Dynamics; Fuel Treatment Effects,,,,
1992 - SEKI Suwanee,SEKI Suwanee,NPS,65,1992,36.59278,-118.793682,1939,NA,NA,NA,California,Fixed-area plot,0.1,15.1,Forest Dynamics; Fuel Treatment Effects,,,,
1992 - Slowey,Slowey,Hood,245,1992,47.250501,-115.012881,1098,3,1,RX,Montana,not available,not available,not available,Tree Mortality,,,,
1993 - BAND 48,BAND 48,NPS,63,1993,35.768359,-106.298442,1965,NA,NA,NA,New Mexico,Fixed-area plot,0.1,15.1,Forest Dynamics; Fuel Treatment Effects,,,,
1993 - BAND 49,BAND 49,NPS,88,1993,35.773726,-106.30572,2027,NA,NA,NA,New Mexico,Fixed-area plot,0.1,15.1,Forest Dynamics; Fuel Treatment Effects,,,,
1993 - BAND 55,BAND 55,NPS,15,1993,35.778849,-106.306335,2040,NA,NA,NA,New Mexico,Fixed-area plot,0.1,15.1,Forest Dynamics; Fuel Treatment Effects,,,,
1993 - GRCA Northwest 3,GRCA Northwest 3,NPS,72,1993,36.343425,-112.252622,2507,NA,NA,RX,Arizona,Fixed-area plot,0.1,15.1,Forest Dynamics; Fuel Treatment Effects,,,,
1993 - GRCA Quarry 2,GRCA Quarry 2,NPS,191,1993,36.013111,-112.133297,2061,NA,NA,RX,Arizona,Fixed-area plot,0.1,15.1,Forest Dynamics; Fuel Treatment Effects,,,,
1993 - GRCA Topeka - Atchison 2,GRCA Topeka - Atchison 2,NPS,41,1993,36.027073,-112.165882,2051,NA,NA,RX,Arizona,Fixed-area plot,0.1,15.1,Forest Dynamics; Fuel Treatment Effects,,,,
1993 - LABE Eagles Nest,LABE Eagles Nest,NPS,38,1993,41.698427,-121.566144,1571,NA,NA,RX,California,Fixed-area plot,0.1,15.1,Forest Dynamics; Fuel Treatment Effects,,,,
1993 - LAVO Knob/ Lost Creek,LAVO Knob/ Lost Creek,NPS,157,1993,40.56738,-121.525183,1744,NA,NA,RX,California,Fixed-area plot,0.1,15.1,Forest Dynamics; Fuel Treatment Effects,,,,
1993 - SEKI Hole-inthe-Wall,SEKI Hole-inthe-Wall,NPS,94,1993,36.786948,-118.6302,1503,NA,NA,NA,California,Fixed-area plot,0.1,15.1,Forest Dynamics; Fuel Treatment Effects,,,,
1993 - SEKI Picnic Estates,SEKI Picnic Estates,NPS,18,1993,36.791976,-118.666923,1431,NA,NA,NA,California,Fixed-area plot,0.1,15.1,Forest Dynamics; Fuel Treatment Effects,,,,
1994 - BAND 14,BAND 14,NPS,126,1994,35.823162,-106.388158,2483,NA,NA,NA,New Mexico,Fixed-area plot,0.1,15.1,Forest Dynamics; Fuel Treatment Effects,,,,
1994 - BAND 27,BAND 27,NPS,94,1994,35.829153,-106.361715,2331,NA,NA,NA,New Mexico,Fixed-area plot,0.1,15.1,Forest Dynamics; Fuel Treatment Effects,,,,
1994 - Barkley,Barkley,Hood,75,1994,40.119598,-121.755628,799,9,NA,Wild,California,Individual tree,NA,25,Fire-insect Interactions; Tree Mortality,,,,
1994 - Cabezon,Cabezon,Stuever,93,1994,35.206448,-106.635532,1524,3,23,Wild,New Mexico,Individual tree,NA,NA,Tree Mortality,,,,
1994 - Crystal,Crystal,Hood,114,1994,39.517243,-120.037219,1875,NA,NA,Wild,California,Individual tree,NA,25,Fire-insect Interactions; Tree Mortality,,,,
1994 - GRCA Picnic,GRCA Picnic,NPS,63,1994,36.028902,-112.120139,2108,NA,NA,RX,Arizona,Fixed-area plot,0.1,15.1,Forest Dynamics; Fuel Treatment Effects,,,,
1994 - LAVO WV Hot,LAVO WV Hot,NPS,117,1994,40.445822,-121.426425,1917,NA,NA,RX,California,Fixed-area plot,0.1,15.1,Forest Dynamics; Fuel Treatment Effects,,,,
1994 - Tingley,Tingley,Stuever,92,1994,35.077731,-106.668296,1508,4,22,Wild,New Mexico,Individual tree,NA,NA,Tree Mortality,,,,
1995 - BAND 08,BAND 08,NPS,82,1995,35.835831,-106.401199,2781,NA,NA,NA,New Mexico,Fixed-area plot,0.1,15.1,Forest Dynamics; Fuel Treatment Effects,,,,
1995 - BRCA County Line,BRCA County Line,NPS,50,1995,37.53688,-112.254561,2704,NA,NA,RX,Utah,Fixed-area plot,0.1,15.1,Forest Dynamics; Fuel Treatment Effects,,,,
1995 - BRCA Puma,BRCA Puma,NPS,329,1995,37.519645,-112.270528,2631,NA,NA,RX,Utah,Fixed-area plot,0.1,15.1,Forest Dynamics; Fuel Treatment Effects,,,,
1995 - Dauber,Dauber,McHugh,222,1995,35.283618,-111.858252,2255,9,9,RX,Arizona,Fixed-area plot,0.04,7.4,Fire-insect Interactions; Tree Mortality,,,,
1995 - GRCA Hance,GRCA Hance,NPS,58,1995,35.971826,-111.998093,2249,NA,NA,RX,Arizona,Fixed-area plot,0.1,15.1,Forest Dynamics; Fuel Treatment Effects,,,,
1995 - LAVO Butte Lake,LAVO Butte Lake,NPS,396,1995,40.581287,-121.29656,1794,NA,NA,RX,California,Fixed-area plot,0.1,15.1,Forest Dynamics; Fuel Treatment Effects,,,,
1995 - SEKI Mineral King,SEKI Mineral King,NPS,130,1995,36.466001,-118.693443,2308,NA,NA,NA,California,Fixed-area plot,0.1,15.1,Forest Dynamics; Fuel Treatment Effects,,,,
1995 - SEKI Swale,SEKI Swale,NPS,46,1995,36.740503,-118.977523,1882,NA,NA,NA,California,Fixed-area plot,0.1,15.1,Forest Dynamics; Fuel Treatment Effects,,,,
1995 - WHIS Brandy Creek,WHIS Brandy Creek,NPS,251,1995,40.618783,-122.573928,388,NA,NA,RX,California,Fixed-area plot,0.1,15.1,Forest Dynamics; Fuel Treatment Effects,,,,
1995 - WHIS Monarch II,WHIS Monarch II,NPS,25,1995,40.594133,-122.568625,736,NA,NA,RX,California,Fixed-area plot,0.1,15.1,Forest Dynamics; Fuel Treatment Effects,,,,
1995 - WHIS Monarch Mountain,WHIS Monarch Mountain,NPS,40,1995,40.593387,-122.569043,751,NA,NA,RX,California,Fixed-area plot,0.1,15.1,Forest Dynamics; Fuel Treatment Effects,,,,
1995 - ZION East Mesa,ZION East Mesa,NPS,60,1995,37.291228,-112.90781,1999,NA,NA,RX,Utah,Fixed-area plot,0.1,15.1,Forest Dynamics; Fuel Treatment Effects,,,,
1996 - Bridger Knoll,Bridger Knoll,McHugh,833,1996,36.535546,-112.417723,2113,6,20,Wild,Arizona,Fixed-area plot,"0.08, 0.04",22.9,Fire-insect Interactions; Tree Mortality,,,,
1996 - LABE Hidden Valley,LABE Hidden Valley,NPS,65,1996,41.691698,-121.53892,1583,NA,NA,RX,California,Fixed-area plot,0.1,15.1,Forest Dynamics; Fuel Treatment Effects,,,,
1996 - SEKI Crescent,SEKI Crescent,NPS,29,1996,36.55554499,-118.7488585,2047,9,26,RX,California,Fixed-area plot,0.1,15.1,Forest Dynamics; Fuel Treatment Effects,,,,
1996 - Side,Side,McHugh,312,1996,35.247117,-111.572602,2162,5,4,Wild,Arizona,Individual tree,NA,10.2,Fire-insect Interactions; Tree Mortality,,,,
1996 - WHIS Monarch Mountain II,WHIS Monarch Mountain II,NPS,43,1996,40.593387,-122.569043,751,NA,NA,RX,California,Fixed-area plot,0.1,15.1,Forest Dynamics; Fuel Treatment Effects,,,,
1996 - WHIS Shasta Divide,WHIS Shasta Divide,NPS,111,1996,40.579159,-122.524696,341,NA,NA,RX,California,Fixed-area plot,0.1,15.1,Forest Dynamics; Fuel Treatment Effects,,,,
1997 - BAND 48,BAND 48,NPS,55,1997,35.768359,-106.298442,1965,NA,NA,NA,New Mexico,Fixed-area plot,0.1,15.1,Forest Dynamics; Fuel Treatment Effects,,,,
1997 - BAND 49,BAND 49,NPS,81,1997,35.773726,-106.30572,2027,NA,NA,NA,New Mexico,Fixed-area plot,0.1,15.1,Forest Dynamics; Fuel Treatment Effects,,,,
1997 - BAND 55,BAND 55,NPS,14,1997,35.778849,-106.306335,2040,NA,NA,NA,New Mexico,Fixed-area plot,0.1,15.1,Forest Dynamics; Fuel Treatment Effects,,,,
1997 - Driveway 14 - Fall,Driveway 14 - Fall,Westlind,433,1997,43.879727,-118.771662,1666,9,30,Rx,Oregon,Fixed-area plot,0.2,7.5, Fire-insect-disease Interactions; Tree Mortality,,,,
1997 - Driveway 17 - Fall,Driveway 17 - Fall,Westlind,229,1997,43.883609,-118.767495,1694,9,30,Rx,Oregon,Fixed-area plot,0.2,7.5, Fire-insect-disease Interactions; Tree Mortality,,,,
1997 - Driveway 26 - Fall,Driveway 26 - Fall,Westlind,280,1997,43.887222,-118.759722,1675,9,30,Rx,Oregon,Fixed-area plot,0.2,7.5, Fire-insect-disease Interactions; Tree Mortality,,,,
1997 - Driveway 28 - Fall,Driveway 28 - Fall,Westlind,165,1997,43.892227,-118.763891,1743,9,30,Rx,Oregon,Fixed-area plot,0.2,7.5, Fire-insect-disease Interactions; Tree Mortality,,,,
1997 - GRCA Outlet,GRCA Outlet,NPS,83,1997,36.225638,-112.079344,2536,NA,NA,RX,Arizona,Fixed-area plot,0.1,15.1,Forest Dynamics; Fuel Treatment Effects,,,,
1997 - GRCA Watson,GRCA Watson,NPS,118,1997,35.987166,-112.00473,2260,NA,NA,RX,Arizona,Fixed-area plot,0.1,15.1,Forest Dynamics; Fuel Treatment Effects,,,,
1997 - Kidd Flat - Fall,Kidd Flat - Fall,Westlind,325,1997,43.793888,-118.951678,1707,10,16,Rx,Oregon,Fixed-area plot,0.2,7.5, Fire-insect-disease Interactions; Tree Mortality,,,,
1997 - SEKI Huckleberry,SEKI Huckleberry,NPS,38,1997,36.55425865,-118.7570909,2061,8,20,RX,California,Fixed-area plot,0.1,15.1,Forest Dynamics; Fuel Treatment Effects,,,,
1997 - Trout - Fall,Trout - Fall,Westlind,262,1997,43.811667,-118.933893,1652,10,16,Rx,Oregon,Fixed-area plot,0.2,7.5, Fire-insect-disease Interactions; Tree Mortality,,,,
1997 - ZION East Mesa,ZION East Mesa,NPS,156,1997,37.291228,-112.90781,1999,NA,NA,RX,Utah,Fixed-area plot,0.1,15.1,Forest Dynamics; Fuel Treatment Effects,,,,
1997 - ZION Three Finger Mesa,ZION Three Finger Mesa,NPS,35,1997,37.365783,-112.985737,2042,NA,NA,RX,Utah,Fixed-area plot,0.1,15.1,Forest Dynamics; Fuel Treatment Effects,,,,
1998 - BAND 29,BAND 29,NPS,3,1998,35.814925,-106.345046,2205,NA,NA,NA,New Mexico,Fixed-area plot,0.1,15.1,Forest Dynamics; Fuel Treatment Effects,,,,
1998 - BAND 30,BAND 30,NPS,3,1998,35.825164,-106.338865,2214,NA,NA,NA,New Mexico,Fixed-area plot,0.1,15.1,Forest Dynamics; Fuel Treatment Effects,,,,
1998 - BRCA Residential,BRCA Residential,NPS,76,1998,37.635911,-112.178632,2421,NA,NA,RX,Utah,Fixed-area plot,0.1,15.1,Forest Dynamics; Fuel Treatment Effects,,,,
1998 - Driveway 14 - Spring,Driveway 14 - Spring,Westlind,325,1998,43.879717,-118.771675,1665,6,17,Rx,Oregon,Fixed-area plot,0.2,7.5, Fire-insect-disease Interactions; Tree Mortality,,,,
1998 - Driveway 17 - Spring,Driveway 17 - Spring,Westlind,287,1998,43.883608,-118.767508,1694,6,17,Rx,Oregon,Fixed-area plot,0.2,7.5, Fire-insect-disease Interactions; Tree Mortality,,,,
1998 - Driveway 26 - Spring,Driveway 26 - Spring,Westlind,326,1998,43.887222,-118.759722,1675,6,17,Rx,Oregon,Fixed-area plot,0.2,7.5, Fire-insect-disease Interactions; Tree Mortality,,,,
1998 - Driveway 28 - Spring,Driveway 28 - Spring,Westlind,372,1998,43.892218,-118.76389,1743,6,17,Rx,Oregon,Fixed-area plot,0.2,7.5, Fire-insect-disease Interactions; Tree Mortality,,,,
1998 - GRCA Outlet,GRCA Outlet,NPS,64,1998,36.221788,-112.114753,2446,NA,NA,RX,Arizona,Fixed-area plot,0.1,15.1,Forest Dynamics; Fuel Treatment Effects,,,,
1998 - GRCA Topeka - Atchison 2,GRCA Topeka - Atchison 2,NPS,58,1998,36.03193,-112.154206,2059,NA,NA,RX,Arizona,Fixed-area plot,0.1,15.1,Forest Dynamics; Fuel Treatment Effects,,,,
1998 - Itasca State Park,Itasca State Park,Ayres,240,1998,47.194391,-95.164927,477,6,23,RX,Minnesota,Individual tree,NA,NA,Fire-insect Interactions; Tree Mortality,,,,
1998 - Kidd Flat - Spring,Kidd Flat - Spring,Westlind,207,1998,43.793888,-118.951678,1707,6,17,Rx,Oregon,Fixed-area plot,0.2,7.5, Fire-insect-disease Interactions; Tree Mortality,,,,
1998 - Oak,Oak,Hanula,600,1998,30.333607,-82.500007,40,6,2,Wild,Florida,Individual trees within plots,"10 dominant or co-dominant trees closest to plot center, that were still living 3 months after fire",not available,Fire-insect Interactions; Tree Mortality,,,,
1998 - Oso,Oso,Cram,176,1998,36.020563,-106.317123,2568,6,27,Wild,New Mexico,Variable radius plot,2.296,not available,Fuel Treatment Effects,,,,
1998 - REDW Mainstem,REDW Mainstem,NPS,66,1998,41.127285,-123.869097,617,NA,NA,NA,California,Fixed-area plot,0.1,15.1,Forest Dynamics; Fuel Treatment Effects,,,,
1998 - REDW Midbasin,REDW Midbasin,NPS,52,1998,41.137166,-123.888077,607,NA,NA,NA,California,Fixed-area plot,0.1,15.1,Forest Dynamics; Fuel Treatment Effects,,,,
1998 - SEKI Broken Arrow,SEKI Broken Arrow,NPS,21,1998,36.557971,-118.766928,2047,9,28,RX,California,Fixed-area plot,0.1,15.1,Forest Dynamics; Fuel Treatment Effects,,,,
1998 - SEKI Keyhole,SEKI Keyhole,NPS,18,1998,36.5591366,-118.7639826,2048,9,2,RX,California,Fixed-area plot,0.1,15.1,Forest Dynamics; Fuel Treatment Effects,,,,
1998 - SEKI Picnic Estates,SEKI Picnic Estates,NPS,12,1998,36.792859,-118.668284,1426,7,31,RX,California,Fixed-area plot,0.1,15.1,Forest Dynamics; Fuel Treatment Effects,,,,
1998 - Trout - Spring,Trout - Spring,Westlind,204,1998,43.811658,-118.933892,1652,6,17,Rx,Oregon,Fixed-area plot,0.2,7.5, Fire-insect-disease Interactions; Tree Mortality,,,,
1998 - ZION Pocket Mesa,ZION Pocket Mesa,NPS,62,1998,37.360264,-113.057462,2368,NA,NA,RX,Utah,Fixed-area plot,0.1,15.1,Forest Dynamics; Fuel Treatment Effects,,,,
1999 - BAND 38,BAND 38,NPS,1,1999,35.812281,-106.311886,2163,NA,NA,NA,New Mexico,Fixed-area plot,0.1,15.1,Forest Dynamics; Fuel Treatment Effects,,,,
1999 - Bucks,Bucks,Hood,251,1999,39.885389,-121.312705,1546,8,NA,Wild,California,Individual tree,NA,25,Fire-insect Interactions; Tree Mortality,,,,
1999 - ELMA El Calderon,ELMA El Calderon,NPS,13,1999,34.957996,-108.021372,2255,NA,NA,NA,New Mexico,Fixed-area plot,0.1,15.1,Forest Dynamics; Fuel Treatment Effects,,,,
1999 - ELMA SW Cerro Bandera,ELMA SW Cerro Bandera,NPS,45,1999,34.973225,-108.12396,2335,NA,NA,NA,New Mexico,Fixed-area plot,0.1,15.1,Forest Dynamics; Fuel Treatment Effects,,,,
1999 - GRCA Outlet,GRCA Outlet,NPS,46,1999,36.221782,-112.114742,2446,NA,NA,PNF,Arizona,Fixed-area plot,0.1,15.1,Forest Dynamics; Fuel Treatment Effects,,,,
1999 - Rancheria Creek,Rancheria Creek,Progar,41,1999,42.526417,-122.664222,852,4,17,RX,Oregon,Individual tree,NA,NA,Fire-insect Interactions; Tree Mortality,,,,
1999 - SEKI Hercules,SEKI Hercules,NPS,15,1999,36.56936039,-118.7514646,2129,7,29,RX,California,Fixed-area plot,0.1,15.1,Forest Dynamics; Fuel Treatment Effects,,,,
1999 - SEKI Mineral KingS10,SEKI Mineral KingS10,NPS,42,1999,36.466006,-118.693456,2309,NA,NA,NA,California,Fixed-area plot,0.1,15.1,Forest Dynamics; Fuel Treatment Effects,,,,
1999 - Volcano Fall,Volcano Fall,Hood,84,1999,39.159805,-120.664729,1562,NA,NA,RX,California,Individual tree,NA,25,Fire-insect Interactions; Tree Mortality,,,,
1999 - ZION Northgate Peaks,ZION Northgate Peaks,NPS,23,1999,37.333868,-113.065915,2093,NA,NA,RX,Utah,Fixed-area plot,0.1,15.1,Forest Dynamics; Fuel Treatment Effects,,,,
1999 - ZION Pine Valley Peak,ZION Pine Valley Peak,NPS,70,1999,37.340309,-113.090542,1937,NA,NA,RX,Utah,Fixed-area plot,0.1,15.1,Forest Dynamics; Fuel Treatment Effects,,,,
1999 - ZION Pocket Mesa,ZION Pocket Mesa,NPS,60,1999,37.360264,-113.057462,2368,NA,NA,RX,Utah,Fixed-area plot,0.1,15.1,Forest Dynamics; Fuel Treatment Effects,,,,
2000 - BAND 01,BAND 01,NPS,705,2000,35.856023,-106.411378,2832,NA,NA,NA,New Mexico,Fixed-area plot,0.1,15.1,Forest Dynamics; Fuel Treatment Effects,,,,
2000 - BAND 08,BAND 08,NPS,101,2000,35.835831,-106.401199,2781,NA,NA,NA,New Mexico,Fixed-area plot,0.1,15.1,Forest Dynamics; Fuel Treatment Effects,,,,
2000 - BAND 27,BAND 27,NPS,42,2000,35.829153,-106.361715,2331,NA,NA,NA,New Mexico,Fixed-area plot,0.1,15.1,Forest Dynamics; Fuel Treatment Effects,,,,
2000 - BAND 40,BAND 40,NPS,53,2000,35.792638,-106.280811,2011,NA,NA,NA,New Mexico,Fixed-area plot,0.1,15.1,Forest Dynamics; Fuel Treatment Effects,,,,
2000 - Blue Mountains Hungry Bob OR 156,Blue Mountains Hungry Bob OR 156,McIver,200,2000,45.67094,-117.158826,1202,NA,NA,RX,Oregon,Fixed-area plot,0.04,0,Forest Dynamics; Fuel Treatment Effects,,,,
2000 - Blue Mountains Hungry Bob OR 157,Blue Mountains Hungry Bob OR 157,McIver,192,2000,45.657978,-117.172062,1248,NA,NA,RX,Oregon,Fixed-area plot,0.04,0,Forest Dynamics; Fuel Treatment Effects,,,,
2000 - Blue Mountains Hungry Bob OR 160,Blue Mountains Hungry Bob OR 160,McIver,380,2000,45.64456,-117.252815,1379,NA,NA,RX,Oregon,Fixed-area plot,0.04,0,Forest Dynamics; Fuel Treatment Effects,,,,
2000 - Blue Mountains Hungry Bob OR 163,Blue Mountains Hungry Bob OR 163,McIver,434,2000,45.62484,-117.240013,1303,NA,NA,RX,Oregon,Fixed-area plot,0.04,0,Forest Dynamics; Fuel Treatment Effects,,,,
2000 - Blue Mountains Hungry Bob OR 166,Blue Mountains Hungry Bob OR 166,McIver,494,2000,45.636745,-117.20927,1359,NA,NA,RX,Oregon,Fixed-area plot,0.04,0,Forest Dynamics; Fuel Treatment Effects,,,,
2000 - Blue Mountains Hungry Bob OR 168,Blue Mountains Hungry Bob OR 168,McIver,285,2000,45.685062,-117.171362,1182,NA,NA,RX,Oregon,Fixed-area plot,0.04,0,Forest Dynamics; Fuel Treatment Effects,,,,
2000 - Blue Mountains Hungry Bob OR 169,Blue Mountains Hungry Bob OR 169,McIver,299,2000,45.685509,-117.167305,1159,NA,NA,RX,Oregon,Fixed-area plot,0.04,0,Forest Dynamics; Fuel Treatment Effects,,,,
2000 - Blue Mountains Hungry Bob OR 171,Blue Mountains Hungry Bob OR 171,McIver,370,2000,45.672486,-117.160577,1209,NA,NA,RX,Oregon,Fixed-area plot,0.04,0,Forest Dynamics; Fuel Treatment Effects,,,,
2000 - Bobcat Gulch,Bobcat Gulch,Sieg,948,2000,40.478146,-105.296859,2062,6,14,Wild,Colorado,Fixed-area plot,0.2,5.1,Fire-insect Interactions; Tree Mortality,,,,
2000 - Boundary,Boundary,Smith,6,2000,44.142711,-110.811207,2205,8,26,Wild,Wyoming,Fixed-area plot,0.125,2.5,Fire Effects; Forest Dynamics; Tree Mortality,,,,
2000 - BRCA Puma,BRCA Puma,NPS,32,2000,37.519645,-112.270528,2631,NA,NA,RX,Utah,Fixed-area plot,0.1,15.1,Forest Dynamics; Fuel Treatment Effects,,,,
2000 - GRCA Nankoweap,GRCA Nankoweap,NPS,61,2000,36.296682,-112.004242,2658,NA,NA,PNF,Arizona,Fixed-area plot,0.1,15.1,Forest Dynamics; Fuel Treatment Effects,,,,
2000 - GRCA Outlet,GRCA Outlet,NPS,40,2000,36.284771,-112.002638,2643,NA,NA,Wild,Arizona,Fixed-area plot,0.1,15.1,Forest Dynamics; Fuel Treatment Effects,,,,
2000 - GRCA Picnic,GRCA Picnic,NPS,59,2000,36.028902,-112.120139,2108,NA,NA,RX,Arizona,Fixed-area plot,0.1,15.1,Forest Dynamics; Fuel Treatment Effects,,,,
2000 - GRCA Quarry - Entrance,GRCA Quarry - Entrance,NPS,91,2000,36.024092,-112.130383,2099,NA,NA,RX,Arizona,Fixed-area plot,0.1,15.1,Forest Dynamics; Fuel Treatment Effects,,,,
2000 - GRCA Vista,GRCA Vista,NPS,142,2000,36.211957,-111.976068,2524,NA,NA,Wild,Arizona,Fixed-area plot,0.1,15.1,Forest Dynamics; Fuel Treatment Effects,,,,
2000 - Jasper,Jasper,Keyser,963,2000,43.815221,-103.877955,1870,8,24,Wild,South Dakota,Fixed-area plot,0.03,5,Forest Dynamics; Tree Mortality,,,,
2000 - Jasper,Jasper,Sieg,1244,2000,43.815221,-103.877955,1870,8,24,Wild,South Dakota,Fixed-area plot,0.2,5.1,Fire-insect Interactions; Tree Mortality,,,,
2000 - Mussigbrod,Mussigbrod,Hood,1102,2000,45.831896,-113.675814,2445,7,31,Wild,Montana,Fixed-area plot,0.04 and 0.09,12.7,Fire-insect Interactions; Tree Mortality,,,,
2000 - Pumpkin,Pumpkin,Sieg,1263,2000,35.41373,-111.853518,2807,5,25,Wild,Arizona,Fixed-area plot,0.2,5.1,Fire-insect Interactions; Tree Mortality,,,,
2000 - Scott Able,Scott Able,Cram,154,2000,32.764404,-105.605142,2511,5,11,Wild,New Mexico,Variable radius plot,2.296,not available,Fuel Treatment Effects,,,,
2000 - Stag-Tobin,Stag-Tobin,Sieg,1637,2000,45.496798,-106.236204,1057,7,26,Wild,Montana,Fixed-area plot,0.2,5.1,Fire-insect Interactions; Tree Mortality,,,,
2000 - Storrie,Storrie,Hood,198,2000,40.027442,-121.287197,1317,NA,NA,Wild,California,Individual tree,NA,25,Fire-insect Interactions; Tree Mortality,,,,
2000 - Volcano Spring,Volcano Spring,Hood,85,2000,39.159805,-120.664729,1562,NA,NA,RX,California,Individual tree,NA,25,Fire-insect Interactions; Tree Mortality,,,,
2000 - ZION Pine Valley Peak,ZION Pine Valley Peak,NPS,37,2000,37.340309,-113.090542,1937,NA,NA,RX,Utah,Fixed-area plot,0.1,15.1,Forest Dynamics; Fuel Treatment Effects,,,,
2001 - BRCA East Creek Ridge,BRCA East Creek Ridge,NPS,128,2001,37.612851,-112.177508,2451,NA,NA,RX,Utah,Fixed-area plot,0.1,15.1,Forest Dynamics; Fuel Treatment Effects,,,,
2001 - Central Appalachian Plateau Ohio Hills 52,Central Appalachian Plateau Ohio Hills 52,McIver,403,2001,39.212219,-82.386588,247,NA,NA,RX,Ohio,Fixed-area plot,0.1,10,Forest Dynamics; Fuel Treatment Effects,,,,
2001 - Central Appalachian Plateau Ohio Hills 53,Central Appalachian Plateau Ohio Hills 53,McIver,403,2001,39.200002,-82.390239,272,NA,NA,RX,Ohio,Fixed-area plot,0.1,10,Forest Dynamics; Fuel Treatment Effects,,,,
2001 - Central Appalachian Plateau Ohio Hills 56,Central Appalachian Plateau Ohio Hills 56,McIver,424,2001,39.331233,-82.767238,310,NA,NA,RX,Ohio,Fixed-area plot,0.1,10,Forest Dynamics; Fuel Treatment Effects,,,,
2001 - Central Appalachian Plateau Ohio Hills 57,Central Appalachian Plateau Ohio Hills 57,McIver,430,2001,39.334768,-82.765227,305,NA,NA,RX,Ohio,Fixed-area plot,0.1,10,Forest Dynamics; Fuel Treatment Effects,,,,
2001 - Central Appalachian Plateau Ohio Hills 60,Central Appalachian Plateau Ohio Hills 60,McIver,481,2001,39.355151,-82.365246,278,NA,NA,RX,Ohio,Fixed-area plot,0.1,10,Forest Dynamics; Fuel Treatment Effects,,,,
2001 - Central Appalachian Plateau Ohio Hills 61,Central Appalachian Plateau Ohio Hills 61,McIver,327,2001,39.352747,-82.37041,274,NA,NA,RX,Ohio,Fixed-area plot,0.1,10,Forest Dynamics; Fuel Treatment Effects,,,,
2001 - CRLA Timber Crater 1 (TC1),CRLA Timber Crater 1 (TC1),NPS,104,2001,43.043166,-122.002573,1592,NA,NA,RX,Oregon,Fixed-area plot,0.1,15.1,Forest Dynamics; Fuel Treatment Effects,,,,
2001 - CRLA Timber Crater 2 (TC2),CRLA Timber Crater 2 (TC2),NPS,144,2001,43.028705,-122.003764,1603,NA,NA,RX,Oregon,Fixed-area plot,0.1,15.1,Forest Dynamics; Fuel Treatment Effects,,,,
2001 - FSS2,FFS2,USGS_Demog,507,2001,36.59505986,-118.7469705,2128,9,28,RX,California,Fixed-area plot,1,0.1,Forest Dynamics; Fuel Treatment Effects,,,,
2001 - FSS5,FFS5,USGS_Demog,392,2001,36.58480657,-118.755245,2030,10,17,RX,California,Fixed-area plot,1,0.1,Forest Dynamics; Fuel Treatment Effects,,,,
2001 - FSS6,FFS6,USGS_Demog,336,2001,36.58518457,-118.7595567,2018,10,28,RX,California,Fixed-area plot,1,0.1,Forest Dynamics; Fuel Treatment Effects,,,,
2001 - GRCA Walhalla,GRCA Walhalla,NPS,274,2001,36.146297,-111.951158,2427,NA,NA,PNF,Arizona,Fixed-area plot,0.1,15.1,Forest Dynamics; Fuel Treatment Effects,,,,
2001 - GRCA Walla Valley,GRCA Walla Valley,NPS,256,2001,36.294775,-112.223841,2435,NA,NA,PNF,Arizona,Fixed-area plot,0.1,15.1,Forest Dynamics; Fuel Treatment Effects,,,,
2001 - Green Knoll,Green Knoll,Hood,300,2001,43.439162,-110.910677,2096,7,26,Wild,Wyoming,Fixed-area plot,0.04,12.7,Fire-insect Interactions; Tree Mortality,,,,
2001 - Leroux,Leroux,Roccaforte,1073,2001,35.299992,-111.68334,2659,6,10,Wild,Arizona,Nested fixed-area plot,0.1 and 0.0.25,15 and 2.5,Landscape Variability; Wildfire Effects,,,,
2001 - Little Joe,Little Joe,Smith,96,2001,45.050861,-110.826873,2500,7,14,Wild,Wyoming,Fixed-area plot,0.125,2.5,Fire Effects; Forest Dynamics; Tree Mortality,,,,
2001 - Moose,Moose,Hood,1299,2001,48.641619,-114.189244,1431,8,16,Wild,Montana,Fixed-area plot,0.04,10.16,Fire-insect Interactions; Tree Mortality,,,,
2001 - Quartz,Quartz,Progar,28,2001,42.101467,-122.882059,1320,8,15,Wild,Oregon,Individual tree,NA,NA,Fire-insect Interactions; Tree Mortality,,,,
2001 - Rogers Shack,Rogers Shack,Sieg,1361,2001,43.658558,-103.842182,1529,7,30,Wild,South Dakota,Fixed-area plot,0.2,5.1,Fire-insect Interactions; Tree Mortality,,,,
2001 - Southeastern Piedmont Clemson SC 66,Southeastern Piedmont Clemson SC 66,McIver,358,2001,34.580453,-82.834735,226,NA,NA,RX,South Carolina,Fixed-area plot,0.1,10,Forest Dynamics; Fuel Treatment Effects,,,,
2001 - Southeastern Piedmont Clemson SC 68,Southeastern Piedmont Clemson SC 68,McIver,515,2001,34.729586,-82.849362,228,NA,NA,RX,South Carolina,Fixed-area plot,0.1,10,Forest Dynamics; Fuel Treatment Effects,,,,
2001 - Southeastern Piedmont Clemson SC 70,Southeastern Piedmont Clemson SC 70,McIver,418,2001,34.751995,-82.86747,261,NA,NA,RX,South Carolina,Fixed-area plot,0.1,10,Forest Dynamics; Fuel Treatment Effects,,,,
2001 - Southern Cascades Goosenest CA 174,Southern Cascades Goosenest CA 174,McIver,183,2001,41.546267,-121.886756,1634,NA,NA,RX,California,Fixed-area plot,0.1,10,Forest Dynamics; Fuel Treatment Effects,,,,
2001 - Southern Cascades Goosenest CA 178,Southern Cascades Goosenest CA 178,McIver,181,2001,41.567499,-121.846801,1721,NA,NA,RX,California,Fixed-area plot,0.1,10,Forest Dynamics; Fuel Treatment Effects,,,,
2001 - Southern Cascades Goosenest CA 179,Southern Cascades Goosenest CA 179,McIver,124,2001,41.587254,-121.84165,1599,NA,NA,RX,California,Fixed-area plot,0.1,10,Forest Dynamics; Fuel Treatment Effects,,,,
2001 - Southern Sierra Nevada Sequoia CA 1,Southern Sierra Nevada Sequoia CA 1,McIver,357,2001,36.594554,-118.747037,2145,NA,NA,RX,California,Fixed-area plot,0.1,10,Forest Dynamics; Fuel Treatment Effects,,,,
2001 - Southern Sierra Nevada Sequoia CA 4,Southern Sierra Nevada Sequoia CA 4,McIver,382,2001,36.585667,-118.754907,2010,NA,NA,RX,California,Fixed-area plot,0.1,10,Forest Dynamics; Fuel Treatment Effects,,,,
2001 - Southern Sierra Nevada Sequoia CA 5,Southern Sierra Nevada Sequoia CA 5,McIver,374,2001,36.58582,-118.759225,2027,NA,NA,RX,California,Fixed-area plot,0.1,10,Forest Dynamics; Fuel Treatment Effects,,,,
2001 - Star,Star,Hood,273,2001,39.098569,-120.489529,1470,NA,NA,Wild,California,Individual tree,NA,25,Fire-insect Interactions; Tree Mortality,,,,
2001 - Stone,Stone,Smith,39,2001,44.58768,-110.296762,2424,8,23,Wild,Wyoming,Fixed-area plot,0.125,2.5,Fire Effects; Forest Dynamics; Tree Mortality,,,,
2001 - Sulphur,Sulphur,Smith,66,2001,44.656816,-110.424855,2522,8,22,Wild,Wyoming,Fixed-area plot,0.125,2.5,Fire Effects; Forest Dynamics; Tree Mortality,,,,
2001 - Swain,Swain,Hood,134,2001,40.675351,-121.260944,1657,NA,NA,RX,California,Individual tree,NA,25,Fire-insect Interactions; Tree Mortality,,,,
2001 - WHIS Sunshine-D,WHIS Sunshine-D,NPS,15,2001,40.634964,-122.525649,668,NA,NA,Wild,California,Fixed-area plot,0.1,15.1,Forest Dynamics; Fuel Treatment Effects,,,,
2002 - Apple,Apple,Progar,439,2002,43.262022,-122.662311,1045,8,1,Wild,Oregon,Variable radius plot,not available; BAF varied to sample at least 8 trees perplot,not available,Fire-insect Interactions; Tree Mortality,,,,
2002 - Biscuit,Biscuit,Progar,834,2002,42.296835,-123.915041,751,8,1,Wild,Oregon,Variable radius plot,not available; BAF varied to sample at least 8 trees perplot,not available,Fire-insect Interactions; Tree Mortality,,,,
2002 - Blodgett 129 - 60,Blodgett 129 - 60,Kobziar,389,2002,38.917301,-120.663926,1343,11,5,RX,California,Nested fixed-area plot,0.0405 and 0.00405,11.5 and 0.1,Forest Dynamics; Fuel Treatment Effects,,,,
2002 - Blodgett 130 - 340,Blodgett 130 - 340,Kobziar,437,2002,38.898208,-120.654451,1389,11,1,RX,California,Nested fixed-area plot,0.0405 and 0.00405,11.5 and 0.1,Forest Dynamics; Fuel Treatment Effects,,,,
2002 - Blodgett 131 - 400,Blodgett 131 - 400,Kobziar,471,2002,38.896655,-120.648911,1380,11,3,RX,California,Nested fixed-area plot,0.0405 and 0.00405,11.5 and 0.1,Forest Dynamics; Fuel Treatment Effects,,,,
2002 - Borrego,Borrego,Cram,251,2002,35.990224,-105.792689,2554,5,22,Wild,New Mexico,Variable radius plot,2.296,not available,Fuel Treatment Effects,,,,
2002 - Cone,Cone,Hood,1065,2002,40.751718,-121.158182,1799,9,NA,Wild,California,Individual tree,NA,25,Fire-insect Interactions; Tree Mortality,,,,
2002 - Crater-FB-B,Crater-FB-B,Perrakis,32,2002,42.802901,-122.08235,1480,10,10,RX,Oregon,Fixed-area plot,0.06; three 0.2 ha subplots,5,Fuel Treatment Effects; Tree Mortality,,,,
2002 - Crater-FB-H,Crater-FB-H,Perrakis,85,2002,42.802901,-122.08235,1480,10,10,RX,Oregon,Fixed-area plot,0.06; three 0.2 ha subplots,5,Fuel Treatment Effects; Tree Mortality,,,,
2002 - Crater-FB-J,Crater-FB-J,Perrakis,118,2002,42.802901,-122.08235,1480,10,9,RX,Oregon,Fixed-area plot,0.06; three 0.2 ha subplots,5,Fuel Treatment Effects; Tree Mortality,,,,
2002 - Crater-FB-L,Crater-FB-L,Perrakis,48,2002,42.802901,-122.08235,1480,10,9,RX,Oregon,Fixed-area plot,0.06; three 0.2 ha subplots,5,Fuel Treatment Effects; Tree Mortality,,,,
2002 - Crater-FB-M,Crater-FB-M,Perrakis,113,2002,42.802901,-122.08235,1480,10,9,RX,Oregon,Fixed-area plot,0.06; three 0.2 ha subplots,5,Fuel Treatment Effects; Tree Mortality,,,,
2002 - Crater-FB-Q,Crater-FB-Q,Perrakis,45,2002,42.802901,-122.08235,1480,10,9,RX,Oregon,Fixed-area plot,0.06; three 0.2 ha subplots,5,Fuel Treatment Effects; Tree Mortality,,,,
2002 - Crater-FB-R,Crater-FB-R,Perrakis,54,2002,42.802901,-122.08235,1480,10,9,RX,Oregon,Fixed-area plot,0.06; three 0.2 ha subplots,5,Fuel Treatment Effects; Tree Mortality,,,,
2002 - Crater-FB-X,Crater-FB-X,Perrakis,54,2002,42.802901,-122.08235,1480,10,9,RX,Oregon,Fixed-area plot,0.06; three 0.2 ha subplots,5,Fuel Treatment Effects; Tree Mortality,,,,
2002 - Crater-SB-A,Crater-SB-A,Perrakis,104,2002,42.802901,-122.08235,1480,6,22,RX,Oregon,Fixed-area plot,0.06; three 0.2 ha subplots,5,Fuel Treatment Effects; Tree Mortality,,,,
2002 - Crater-SB-C,Crater-SB-C,Perrakis,16,2002,42.802901,-122.08235,1480,6,22,RX,Oregon,Fixed-area plot,0.06; three 0.2 ha subplots,5,Fuel Treatment Effects; Tree Mortality,,,,
2002 - Crater-SB-E,Crater-SB-E,Perrakis,128,2002,42.802901,-122.08235,1480,6,28,RX,Oregon,Fixed-area plot,0.06; three 0.2 ha subplots,5,Fuel Treatment Effects; Tree Mortality,,,,
2002 - Crater-SB-K,Crater-SB-K,Perrakis,61,2002,42.802901,-122.08235,1480,6,28,RX,Oregon,Fixed-area plot,0.06; three 0.2 ha subplots,5,Fuel Treatment Effects; Tree Mortality,,,,
2002 - Crater-SB-O,Crater-SB-O,Perrakis,110,2002,42.802901,-122.08235,1480,6,28,RX,Oregon,Fixed-area plot,0.06; three 0.2 ha subplots,5,Fuel Treatment Effects; Tree Mortality,,,,
2002 - Crater-SB-T,Crater-SB-T,Perrakis,35,2002,42.802901,-122.08235,1480,6,28,RX,Oregon,Fixed-area plot,0.06; three 0.2 ha subplots,5,Fuel Treatment Effects; Tree Mortality,,,,
2002 - Crater-SB-V,Crater-SB-V,Perrakis,63,2002,42.802901,-122.08235,1480,6,21,RX,Oregon,Fixed-area plot,0.06; three 0.2 ha subplots,5,Fuel Treatment Effects; Tree Mortality,,,,
2002 - Crater-SB-W,Crater-SB-W,Perrakis,58,2002,42.802901,-122.08235,1480,6,20,RX,Oregon,Fixed-area plot,0.06; three 0.2 ha subplots,5,Fuel Treatment Effects; Tree Mortality,,,,
2002 - GRCA Hance,GRCA Hance,NPS,56,2002,35.971826,-111.998093,2249,NA,NA,RX,Arizona,Fixed-area plot,0.1,15.1,Forest Dynamics; Fuel Treatment Effects,,,,
2002 - Gulf Coastal Plain Solon Dixon AL 103,Gulf Coastal Plain Solon Dixon AL 103,McIver,459,2002,31.166368,-86.687367,60,NA,NA,RX,Alabama,Nested fixed-area plot,0.1 and 0.05,10 and 0.1,Forest Dynamics; Fuel Treatment Effects,,,,
2002 - Gulf Coastal Plain Solon Dixon AL 106,Gulf Coastal Plain Solon Dixon AL 106,McIver,903,2002,31.172328,-86.685626,60,NA,NA,RX,Alabama,Nested fixed-area plot,0.1 and 0.05,10 and 0.1,Forest Dynamics; Fuel Treatment Effects,,,,
2002 - Gulf Coastal Plain Solon Dixon AL 109,Gulf Coastal Plain Solon Dixon AL 109,McIver,591,2002,31.1351,-86.660951,83,NA,NA,RX,Alabama,Nested fixed-area plot,0.1 and 0.05,10 and 0.1,Forest Dynamics; Fuel Treatment Effects,,,,
2002 - Gulf Coastal Plain Solon Dixon AL 110,Gulf Coastal Plain Solon Dixon AL 110,McIver,897,2002,31.13237,-86.68001,80,NA,NA,RX,Alabama,Nested fixed-area plot,0.1 and 0.05,10 and 0.1,Forest Dynamics; Fuel Treatment Effects,,,,
2002 - Gulf Coastal Plain Solon Dixon AL 112,Gulf Coastal Plain Solon Dixon AL 112,McIver,516,2002,31.157716,-86.659412,82,NA,NA,RX,Alabama,Nested fixed-area plot,0.1 and 0.05,10 and 0.1,Forest Dynamics; Fuel Treatment Effects,,,,
2002 - Gulf Coastal Plain Solon Dixon AL 114,Gulf Coastal Plain Solon Dixon AL 114,McIver,844,2002,31.180279,-86.709528,68,NA,NA,RX,Alabama,Nested fixed-area plot,0.1 and 0.05,10 and 0.1,Forest Dynamics; Fuel Treatment Effects,,,,
2002 - Hog Flat - Fall,Hog Flat - Fall,Westlind,249,2002,44.034445,-118.554998,1562,10,NA,Rx,Oregon,Individual tree,NA,7.5,Fire-insect Interactions; Tree Mortality,,,,
2002 - Lubrecht,Lubrecht,Hood,1695,2002,46.8975,-113.433009,1267,4,1,RX,Montana,Fixed-area plot,0.04,10,Forest Dynamics; Fuel Treatment Effects,,,,
2002 - McNalley,McNalley,Hood,3880,2002,36.06698,-118.400055,2633,NA,NA,Wild,California,Individual tree,NA,25,Fire-insect Interactions; Tree Mortality,,,,
2002 - Penasco,Penasco,Cram,118,2002,32.868241,-105.570393,2401,5,8,Wild,New Mexico,Variable radius plot,2.296,not available,Fuel Treatment Effects,,,,
2002 - Phlox,Phlox,Smith,84,2002,44.192857,-110.162963,2991,8,12,Wild,Wyoming,Fixed-area plot,0.125,2.5,Fire Effects; Forest Dynamics; Tree Mortality,,,,
2002 - Ramer Tower East,Ramer Tower East,Varner,50,2002,30.640311,-86.395951,62,2,22,RX,Florida,Individual trees within plots,Trees selected were two closest to plot centers; if nearest was > 20 m away it was skipped. Trees selected in previous plots were not re-selected in next plot. ,15,Fire Effects; Tree Mortality,,,,
2002 - Ramer Tower Mid,Ramer Tower Mid,Varner,50,2002,30.640311,-86.395951,62,3,24,RX,Florida,Individual trees within plots,Trees selected were two closest to plot centers; if nearest was > 20 m away it was skipped. Trees selected in previous plots were not re-selected in next plot. ,15,Fire Effects; Tree Mortality,,,,
2002 - Ramer Tower West,Ramer Tower West,Varner,48,2002,30.640311,-86.395951,62,3,5,RX,Florida,Individual trees within plots,Trees selected were two closest to plot centers; if nearest was > 20 m away it was skipped. Trees selected in previous plots were not re-selected in next plot. ,15,Fire Effects; Tree Mortality,,,,
2002 - Ranger Camp Mesic Mid,Ranger Camp Mesic Mid,Varner,50,2002,30.604037,-86.733096,53,2,22,RX,Florida,Individual trees within plots,Trees selected were two closest to plot centers; if nearest was > 20 m away it was skipped. Trees selected in previous plots were not re-selected in next plot. ,15,Fire Effects; Tree Mortality,,,,
2002 - Ranger Camp Mesic Southeast,Ranger Camp Mesic Southeast,Varner,48,2002,30.604037,-86.733096,53,3,4,RX,Florida,Individual trees within plots,Trees selected were two closest to plot centers; if nearest was > 20 m away it was skipped. Trees selected in previous plots were not re-selected in next plot. ,15,Fire Effects; Tree Mortality,,,,
2002 - Ranger Camp Xeric Mid,Ranger Camp Xeric Mid,Varner,50,2002,30.604037,-86.733096,53,4,7,RX,Florida,Individual trees within plots,Trees selected were two closest to plot centers; if nearest was > 20 m away it was skipped. Trees selected in previous plots were not re-selected in next plot. ,15,Fire Effects; Tree Mortality,,,,
2002 - Ranger Camp Xeric NE,Ranger Camp Xeric NE,Varner,50,2002,30.604037,-86.733096,53,3,14,RX,Florida,Individual trees within plots,Trees selected were two closest to plot centers; if nearest was > 20 m away it was skipped. Trees selected in previous plots were not re-selected in next plot. ,15,Fire Effects; Tree Mortality,,,,
2002 - Ranger Camp Xeric NW,Ranger Camp Xeric NW,Varner,49,2002,30.604037,-86.733096,53,8,3,RX,Florida,Individual trees within plots,Trees selected were two closest to plot centers; if nearest was > 20 m away it was skipped. Trees selected in previous plots were not re-selected in next plot. ,15,Fire Effects; Tree Mortality,,,,
2002 - Ranger Camp Xeric Southwest,Ranger Camp Xeric Southwest,Varner,50,2002,30.604037,-86.733096,53,4,24,RX,Florida,Individual trees within plots,Trees selected were two closest to plot centers; if nearest was > 20 m away it was skipped. Trees selected in previous plots were not re-selected in next plot. ,15,Fire Effects; Tree Mortality,,,,
2002 - REDW Copper Creek,REDW Copper Creek,NPS,121,2002,41.150854,-123.894483,719,NA,NA,NA,California,Fixed-area plot,0.1,15.1,Forest Dynamics; Fuel Treatment Effects,,,,
2002 - Rodeo,Rodeo,Cram,408,2002,34.233331,-110.46316,1984,6,18,Wild,Arizona,Variable radius plot,2.296,not available,Fuel Treatment Effects,,,,
2002 - Rodeo,Rodeo,Hood,640,2002,34.233331,-110.46316,1984,6,18,Wild,Arizona,Variable radius plot,2.296,12.7,Tree Mortality,,,,
2002 - SEKI Highway,SEKI Highway,NPS,22,2002,36.573504,-118.758932,2103,NA,NA,NA,California,Fixed-area plot,0.1,15.1,Forest Dynamics; Fuel Treatment Effects,,,,
2002 - SEKI Highway 2,SEKI Highway 2,NPS,27,2002,36.57336389,-118.7604021,2081,7,15,RX,California,Fixed-area plot,0.1,15.1,Forest Dynamics; Fuel Treatment Effects,,,,
2002 - Snow Mountain - Fall,Snow Mountain - Fall,Westlind,214,2002,43.867216,-119.665559,1618,10,NA,Rx,Oregon,Individual tree,NA,7.5,Fire-insect Interactions; Tree Mortality,,,,
2002 - Southeastern Piedmont Clemson SC 76,Southeastern Piedmont Clemson SC 76,McIver,503,2002,34.746433,-82.880846,260,NA,NA,RX,South Carolina,Fixed-area plot,0.1,10,Forest Dynamics; Fuel Treatment Effects,,,,
2002 - Southeastern Piedmont Clemson SC 77,Southeastern Piedmont Clemson SC 77,McIver,474,2002,34.619409,-82.816266,231,NA,NA,RX,South Carolina,Fixed-area plot,0.1,10,Forest Dynamics; Fuel Treatment Effects,,,,
2002 - Southeastern Piedmont Clemson SC 78,Southeastern Piedmont Clemson SC 78,McIver,523,2002,34.610285,-82.883429,222,NA,NA,RX,South Carolina,Fixed-area plot,0.1,10,Forest Dynamics; Fuel Treatment Effects,,,,
2002 - Southern Cascades Goosenest CA 181,Southern Cascades Goosenest CA 181,McIver,352,2002,41.600375,-121.846827,1516,NA,NA,RX,California,Fixed-area plot,0.1,10,Forest Dynamics; Fuel Treatment Effects,,,,
2002 - Southern Cascades Goosenest CA 182,Southern Cascades Goosenest CA 182,McIver,462,2002,41.563456,-121.893656,1558,NA,NA,RX,California,Fixed-area plot,0.1,10,Forest Dynamics; Fuel Treatment Effects,,,,
2002 - Southern Cascades Goosenest CA 183,Southern Cascades Goosenest CA 183,McIver,549,2002,41.554518,-121.863819,1685,NA,NA,RX,California,Fixed-area plot,0.1,10,Forest Dynamics; Fuel Treatment Effects,,,,
2002 - Southern Sierra Nevada Sequoia CA 2,Southern Sierra Nevada Sequoia CA 2,McIver,478,2002,36.594165,-118.752014,2044,NA,NA,RX,California,Fixed-area plot,0.1,10,Forest Dynamics; Fuel Treatment Effects,,,,
2002 - Southern Sierra Nevada Sequoia CA 3,Southern Sierra Nevada Sequoia CA 3,McIver,480,2002,36.591892,-118.755182,1968,NA,NA,RX,California,Fixed-area plot,0.1,10,Forest Dynamics; Fuel Treatment Effects,,,,
2002 - Southern Sierra Nevada Sequoia CA 8,Southern Sierra Nevada Sequoia CA 8,McIver,482,2002,36.573397,-118.772141,1984,NA,NA,RX,California,Fixed-area plot,0.1,10,Forest Dynamics; Fuel Treatment Effects,,,,
2002 - Tenderfoot Fall,Tenderfoot Fall,Hood,1465,2002,46.921189,-110.891078,2124,9,11,RX,Montana,Fixed-area plot,0.04 for even retention units; 0.027 for group retention units,10.2,Fire-insect Interactions; Forest Dynamics; Tree Mortality,,,,
2002 - Tiller,Tiller,Progar,416,2002,42.993975,-122.701509,690,8,1,Wild,Oregon,Variable radius plot,not available; BAF varied to sample at least 8 trees perplot,not available,Fire-insect Interactions; Tree Mortality,,,,
2002 - ZION Blue Creek,ZION Blue Creek,NPS,193,2002,37.378166,-113.033798,2273,NA,NA,RX,Utah,Fixed-area plot,0.1,15.1,Forest Dynamics; Fuel Treatment Effects,,,,
2003 - Amethyst,Amethyst,Smith,85,2003,44.82315,-110.27712,2682,7,9,Wild,Wyoming,Fixed-area plot,0.038,2.5,Fire Effects; Forest Dynamics; Tree Mortality,,,,
2003 - B and B,B and B,Progar,1562,2003,44.510852,-121.771041,1516,8,19,Wild,Oregon,Individual tree,NA,NA,Fire-insect Interactions; Tree Mortality,,,,
2003 - Black Mountain 2,Black Mountain 2,Davis,387,2003,46.846227,-114.186504,1258,8,8,Wild,Montana,Fixed-area plot,0.04,7.62,Fire-insect Interactions; Tree Mortality,,,,
2003 - Bull Springs,Bull Springs,Progar,495,2003,44.851634,-118.837922,1594,9,1,Wild,Oregon,Individual tree,NA,NA,Fire-insect Interactions; Tree Mortality,,,,
2003 - Clark,Clark,Progar,979,2003,43.99172,-122.547249,597,7,13,Wild,Oregon,Individual tree,NA,NA,Fire-insect Interactions; Tree Mortality,,,,
2003 - Davis Lake,Davis Lake,Progar,674,2003,43.60356,-121.793762,1526,6,28,Wild,Oregon,Individual tree,NA,NA,Fire-insect Interactions; Tree Mortality,,,,
2003 - East,East,Smith,45,2003,44.492684,-110.170722,2713,8,NA,Wild,Wyoming,Fixed-area plot,0.125,2.5,Fire Effects; Forest Dynamics; Tree Mortality,,,,
2003 - ELMA Big Tubes,ELMA Big Tubes,NPS,5,2003,34.93806,-108.106023,2303,NA,NA,NA,New Mexico,Fixed-area plot,0.1,15.1,Forest Dynamics; Fuel Treatment Effects,,,,
2003 - ELMA Corral Road,ELMA Corral Road,NPS,38,2003,34.969845,-108.02968,2260,NA,NA,NA,New Mexico,Fixed-area plot,0.1,15.1,Forest Dynamics; Fuel Treatment Effects,,,,
2003 - ELMA Double Sinks,ELMA Double Sinks,NPS,11,2003,34.961307,-108.020387,2258,NA,NA,NA,New Mexico,Fixed-area plot,0.1,15.1,Forest Dynamics; Fuel Treatment Effects,,,,
2003 - ELMA North Little Hole,ELMA North Little Hole,NPS,41,2003,34.917311,-108.087942,2281,NA,NA,NA,New Mexico,Fixed-area plot,0.1,15.1,Forest Dynamics; Fuel Treatment Effects,,,,
2003 - GRCA Boundary,GRCA Boundary,NPS,57,2003,36.358693,-112.349053,2324,NA,NA,PNF,Arizona,Fixed-area plot,0.1,15.1,Forest Dynamics; Fuel Treatment Effects,,,,
2003 - Griff,Griff,Progar,332,2003,47.876514,-123.540849,1361,9,6,Wild,Washington,Individual tree,NA,NA,Fire-insect Interactions; Tree Mortality,,,,
2003 - Happy Jack,Happy Jack,Breece,468,2003,34.641702,-111.399671,2141,10,NA,RX,Arizona,Fixed-area plot,0.03,13,Fire-insect Interactions; Tree Mortality,,,,
2003 - Herman Creek,Herman Creek,Progar,371,2003,45.684936,-121.784623,307,9,2,Wild,Oregon,Individual tree,NA,NA,Fire-insect Interactions; Tree Mortality,,,,
2003 - Hog Flat - Spring,Hog Flat - Spring,Westlind,248,2003,44.034445,-118.554998,1562,6,NA,Rx,Oregon,Individual tree,NA,7.5,Fire-insect Interactions; Tree Mortality,,,,
2003 - LABE South Boundary,LABE South Boundary,NPS,53,2003,41.698153,-121.502962,1498,NA,NA,RX,California,Fixed-area plot,0.1,15.1,Forest Dynamics; Fuel Treatment Effects,,,,
2003 - Lakeside-Pinetop,Lakeside-Pinetop,Breece,365,2003,34.143554,-109.92708,2212,10,NA,RX,Arizona,Fixed-area plot,0.03,13,Fire-insect Interactions; Tree Mortality,,,,
2003 - REDW Xowannatuk,REDW Xowannatuk,NPS,19,2003,41.224027,-123.972945,562,NA,NA,NA,California,Fixed-area plot,0.1,15.1,Forest Dynamics; Fuel Treatment Effects,,,,
2003 - SEKI Tharps,SEKI Tharps,NPS,10,2003,36.56021681,-118.7398499,2083,8,11,RX,California,Fixed-area plot,0.1,15.1,Forest Dynamics; Fuel Treatment Effects,,,,
2003 - SEKI Upper Deadwood,SEKI Upper Deadwood,NPS,22,2003,36.471131,-118.663601,2209,NA,NA,NA,California,Fixed-area plot,0.1,15.1,Forest Dynamics; Fuel Treatment Effects,,,,
2003 - Snow Mountain - Spring,Snow Mountain - Spring,Westlind,109,2003,43.867216,-119.665559,1618,6,NA,Rx,Oregon,Individual tree,NA,7.5,Fire-insect Interactions; Tree Mortality,,,,
2003 - Southern Appalachian Mts Green River NC 81,Southern Appalachian Mts Green River NC 81,McIver,339,2003,35.289758,-82.33088,638,NA,NA,RX,North Carolina,Fixed-area plot,0.1,10,Forest Dynamics; Fuel Treatment Effects,,,,
2003 - Southern Appalachian Mts Green River NC 82,Southern Appalachian Mts Green River NC 82,McIver,302,2003,35.281215,-82.324748,637,NA,NA,RX,North Carolina,Fixed-area plot,0.1,10,Forest Dynamics; Fuel Treatment Effects,,,,
2003 - Southern Appalachian Mts Green River NC 83,Southern Appalachian Mts Green River NC 83,McIver,346,2003,35.26303,-82.287944,526,NA,NA,RX,North Carolina,Fixed-area plot,0.1,10,Forest Dynamics; Fuel Treatment Effects,,,,
2003 - Southern Appalachian Mts Green River NC 87,Southern Appalachian Mts Green River NC 87,McIver,252,2003,35.287292,-82.32477,634,NA,NA,RX,North Carolina,Fixed-area plot,0.1,10,Forest Dynamics; Fuel Treatment Effects,,,,
2003 - Southern Appalachian Mts Green River NC 88,Southern Appalachian Mts Green River NC 88,McIver,315,2003,35.282294,-82.327536,654,NA,NA,RX,North Carolina,Fixed-area plot,0.1,10,Forest Dynamics; Fuel Treatment Effects,,,,
2003 - Southern Appalachian Mts Green River NC 89,Southern Appalachian Mts Green River NC 89,McIver,318,2003,35.259838,-82.28963,543,NA,NA,RX,North Carolina,Fixed-area plot,0.1,10,Forest Dynamics; Fuel Treatment Effects,,,,
2003 - Southwestern Plateau Northern Arizona 146,Southwestern Plateau Northern Arizona 146,McIver,355,2003,35.176137,-112.027979,2064,NA,NA,RX,Arizona,Fixed-area plot,0.1,0.1,Forest Dynamics; Fuel Treatment Effects,,,,
2003 - Southwestern Plateau Northern Arizona 147,Southwestern Plateau Northern Arizona 147,McIver,546,2003,35.232143,-111.74851,2262,NA,NA,RX,Arizona,Fixed-area plot,0.1,0.1,Forest Dynamics; Fuel Treatment Effects,,,,
2003 - Southwestern Plateau Northern Arizona 148,Southwestern Plateau Northern Arizona 148,McIver,910,2003,35.20832,-111.764398,2246,NA,NA,RX,Arizona,Fixed-area plot,0.1,0.1,Forest Dynamics; Fuel Treatment Effects,,,,
2003 - Southwestern Plateau Northern Arizona 149,Southwestern Plateau Northern Arizona 149,McIver,132,2003,35.174845,-112.022867,2069,NA,NA,RX,Arizona,Fixed-area plot,0.1,0.1,Forest Dynamics; Fuel Treatment Effects,,,,
2003 - Southwestern Plateau Northern Arizona 150,Southwestern Plateau Northern Arizona 150,McIver,181,2003,35.235817,-111.747863,2268,NA,NA,RX,Arizona,Fixed-area plot,0.1,0.1,Forest Dynamics; Fuel Treatment Effects,,,,
2003 - Southwestern Plateau Northern Arizona 151,Southwestern Plateau Northern Arizona 151,McIver,146,2003,35.205984,-111.761673,2243,NA,NA,RX,Arizona,Fixed-area plot,0.1,0.1,Forest Dynamics; Fuel Treatment Effects,,,,
2003 - Tenderfoot Spring,Tenderfoot Spring,Hood,337,2003,46.921189,-110.891078,2124,10,1,RX,Montana,Fixed-area plot,0.04 for even retention units; 0.027 for group retention units,10.2,Fire-insect Interactions; Forest Dynamics; Tree Mortality,,,,
2003 - WHIS Shasta Divide,WHIS Shasta Divide,NPS,115,2003,40.579159,-122.524696,341,NA,NA,RX,California,Fixed-area plot,0.1,15.1,Forest Dynamics; Fuel Treatment Effects,,,,
2004 - Black Rock,Black Rock,Westlind,592,2004,43.853325,-118.80695,1649,10,NA,Rx,Oregon,Individual tree,NA,7.5,Fire-insect Interactions; Tree Mortality,,,,
2004 - Bonanza,Bonanza,Progar,104,2004,45.00122,-121.992419,1066,7,1,Wild,Oregon,Individual tree,NA,NA,Fire-insect Interactions; Tree Mortality,,,,
2004 - Collins Park,Collins Park,Breece,253,2004,33.609736,-108.486571,2378,5,NA,RX,New Mexico,Fixed-area plot,0.03,13,Fire-insect Interactions; Tree Mortality,,,,
2004 - Deadmans,Deadmans,Davis,189,2004,44.964807,-115.53347,1561,5,NA,RX,Idaho,Fixed-area plot,0.04,7.62,Fire-insect Interactions; Tree Mortality,,,,
2004 - Fischer,Fischer,Progar,190,2004,47.586844,-120.522369,855,8,8,Wild,Washington,Individual tree,NA,NA,Fire-insect Interactions; Tree Mortality,,,,
2004 - Gabe,Gabe,Westlind,300,2004,43.96444,-118.861111,1594,10,NA,Rx,Oregon,Individual tree,NA,7.5,Tree Mortality,,,,
2004 - GRCA Long Jim III,GRCA Long Jim III,NPS,56,2004,36.036854,-112.099992,2160,NA,NA,RX,Arizona,Fixed-area plot,0.1,15.1,Forest Dynamics; Fuel Treatment Effects,,,,
2004 - GRCA NW V,GRCA NW V,NPS,47,2004,36.344873,-112.269008,2475,NA,NA,NA,Arizona,Fixed-area plot,0.1,15.1,Forest Dynamics; Fuel Treatment Effects,,,,
2004 - GRCA Outlet,GRCA Outlet,NPS,21,2004,36.225633,-112.079333,2536,NA,NA,NA,Arizona,Fixed-area plot,0.1,15.1,Forest Dynamics; Fuel Treatment Effects,,,,
2004 - GRCA Uncle Jim,GRCA Uncle Jim,NPS,30,2004,36.233005,-112.034161,2557,NA,NA,RX,Arizona,Fixed-area plot,0.1,15.1,Forest Dynamics; Fuel Treatment Effects,,,,
2004 - GRCA Walhalla,GRCA Walhalla,NPS,137,2004,36.179635,-111.99258,2480,NA,NA,RX,Arizona,Fixed-area plot,0.1,15.1,Forest Dynamics; Fuel Treatment Effects,,,,
2004 - GRCA Walla Valley,GRCA Walla Valley,NPS,33,2004,36.2954,-112.21385,2498,NA,NA,PNF,Arizona,Fixed-area plot,0.1,15.1,Forest Dynamics; Fuel Treatment Effects,,,,
2004 - Kendrick Mountain,Kendrick Mountain,Breece,206,2004,35.385894,-111.911559,2250,3,NA,RX,Arizona,Fixed-area plot,0.03,13,Fire-insect Interactions; Tree Mortality,,,,
2004 - LAVO Butte Lake,LAVO Butte Lake,NPS,223,2004,40.581287,-121.29656,1794,NA,NA,RX,California,Fixed-area plot,0.1,15.1,Forest Dynamics; Fuel Treatment Effects,,,,
2004 - Medicine Mountain,Medicine Mountain,Battaglia,1113,2004,43.933327,-103.700004,1946,10,19,RX,South Dakota,Nested fixed-area plot,0.00785 and 0.00125,0.25 and 0; trees larger than 10 cm DBH not sampled,Tree Mortality,,,,
2004 - Nile,Nile,Progar,363,2004,46.857473,-121.004986,900,9,15,RX,Washington,Individual tree,NA,NA,Fire-insect Interactions; Tree Mortality,,,,
2004 - Northeastern Cascades Mission Creek WA 2004,Northeastern Cascades Mission Creek WA 2004,Bakker,2914,2004,47.448836,-120.596489,1101,NA,NA,RX,Washington,Fixed-area plot,0.1,0.1,Forest Dynamics; Fuel Treatment Effects,,,,
2004 - Parks,Parks,Davis,246,2004,44.959899,-116.047474,1631,5,NA,RX,Idaho,Fixed-area plot,0.04,7.62,Fire-insect Interactions; Tree Mortality,,,,
2004 - Power,Power,Hood,645,2004,38.501898,-120.280086,1353,NA,NA,Wild,California,Individual tree,NA,25,Fire-insect Interactions; Tree Mortality,,,,
2004 - SEKI Grant West I,SEKI Grant West I,NPS,27,2004,36.74581854,-118.9771663,1898,9,28,RX,California,Fixed-area plot,0.1,15.1,Forest Dynamics; Fuel Treatment Effects,,,,
2004 - Southeastern Piedmont Clemson SC 67,Southeastern Piedmont Clemson SC 67,McIver,596,2004,34.609492,-82.823444,237,NA,NA,RX,South Carolina,Fixed-area plot,0.1,10,Forest Dynamics; Fuel Treatment Effects,,,,
2004 - Southeastern Piedmont Clemson SC 69,Southeastern Piedmont Clemson SC 69,McIver,317,2004,34.614388,-82.828862,239,NA,NA,RX,South Carolina,Fixed-area plot,0.1,10,Forest Dynamics; Fuel Treatment Effects,,,,
2004 - Southeastern Piedmont Clemson SC 71,Southeastern Piedmont Clemson SC 71,McIver,268,2004,34.744126,-82.822095,284,NA,NA,RX,South Carolina,Fixed-area plot,0.1,10,Forest Dynamics; Fuel Treatment Effects,,,,
2004 - Squaw Creek,Squaw Creek,Progar,504,2004,48.101572,-120.033074,624,10,7,RX,Washington,Individual tree,NA,NA,Fire-insect Interactions; Tree Mortality,,,,
2004 - Squaw Meadow,Squaw Meadow,Westlind,300,2004,44.368603,-118.525008,1602,10,NA,Rx,Oregon,Individual tree,NA,7.5,Tree Mortality,,,,
2004 - Tennant,Tennant,Westlind,1090,2004,41.558053,-121.913619,1549,10,NA,Rx,California,Individual tree,NA,7.5,Tree Mortality,,,,
2004 - Tharps2,Tharps2,USGS_Demog,275,2004,36.56328,-118.74282,2185,6,28,RX,California,Fixed-area plot,1 and 1.125,0.1,Forest Dynamics; Fuel Treatment Effects,,,,
2004 - ZION Cleartrap,ZION Cleartrap,NPS,195,2004,37.2502,-112.910015,2082,NA,NA,RX,Utah,Fixed-area plot,0.1,15.1,Forest Dynamics; Fuel Treatment Effects,,,,
2005 - Blossom,Blossom,Progar,411,2005,42.7499,-123.883319,365,7,21,Wild,Oregon,Individual tree,NA,NA,Fire-insect Interactions; Tree Mortality,,,,
2005 - Chickadee,Chickadee,Smith,63,2005,44.485014,-110.635945,2617,7,21,Wild,Wyoming,Fixed-area plot,0.125,2.5,Fire Effects; Forest Dynamics; Tree Mortality,,,,
2005 - Fort Gordon Treatment,Fort Gordon Treatment,Obrien,10,2005,33.398497,-82.183886,126,6,25,RX,Georgia,Individual tree,NA,NA,Tree Mortality; Tree Physiology,,,,
2005 - Fort Gordon Wildfire,Fort Gordon Wildfire,Obrien,8,2005,33.398497,-82.183886,126,6,25,Wild,Georgia,Individual tree,NA,NA,Tree Mortality; Tree Physiology,,,,
2005 - GRCA Long Jim I,GRCA Long Jim I,NPS,95,2005,36.021695,-112.078977,2172,NA,NA,RX,Arizona,Fixed-area plot,0.1,15.1,Forest Dynamics; Fuel Treatment Effects,,,,
2005 - GRCA Outlet,GRCA Outlet,NPS,58,2005,36.210884,-112.110913,2418,NA,NA,NA,Arizona,Fixed-area plot,0.1,15.1,Forest Dynamics; Fuel Treatment Effects,,,,
2005 - GRCA Walhalla,GRCA Walhalla,NPS,60,2005,36.17964,-111.992591,2480,NA,NA,NA,Arizona,Fixed-area plot,0.1,15.1,Forest Dynamics; Fuel Treatment Effects,,,,
2005 - Harding,Harding,Stevens,120,2005,39.633453,-120.309832,1660,8,24,Wild,California,Individual trees within plots,4 trees per plot; point-centered quarter method,10,Fuel Treatment Effects,,,,
2005 - Horse Nugget,Horse Nugget,Battaglia,1090,2005,44.033327,-103.566671,1673,10,28,RX,South Dakota,Nested fixed-area plot,0.07 and 0.00125,0.25 and 0; trees larger than 10 cm DBH not sampled,Tree Mortality,,,,
2005 - Pearrygin Lake,Pearrygin Lake,Progar,362,2005,48.507893,-120.13251,847,7,3,Wild,Washington,Individual tree,NA,NA,Fire-insect Interactions; Tree Mortality,,,,
2005 - Rankin Tower,Rankin Tower,Battaglia,647,2005,43.626269,-103.476042,1448,10,25,RX,South Dakota,Nested fixed-area plot,0.07 and 0.00125,0.25 and 0; trees larger than 10 cm DBH not sampled,Tree Mortality,,,,
2005 - School,School,Progar,596,2005,46.285311,-117.616142,1321,8,5,Wild,Washington,Individual tree,NA,NA,Fire-insect Interactions; Tree Mortality,,,,
2005 - Second Hud,Second Hud,Progar,224,2005,48.462841,-119.442353,710,6,4,Wild,Washington,Individual tree,NA,NA,Fire-insect Interactions; Tree Mortality,,,,
2005 - SEKI Grant West,SEKI Grant West,NPS,80,2005,36.74581854,-118.9771663,1898,9,22,RX,California,Fixed-area plot,0.1,15.1,Forest Dynamics; Fuel Treatment Effects,,,,
2005 - SEKI Highbridge Rx,SEKI Highbridge Rx,NPS,16,2005,36.473741,-118.639848,2586,NA,NA,RX,California,Fixed-area plot,0.1,15.1,Forest Dynamics; Fuel Treatment Effects,,,,
2005 - SEKI Lewis Creek,SEKI Lewis Creek,NPS,73,2005,36.760131,-118.705069,2617,9,15,Wild,California,Fixed-area plot,0.1,15.1,Forest Dynamics; Fuel Treatment Effects,,,,
2006 - 4712 Road,4712 Road,Westlind,135,2006,46.20472,-117.700281,977,9,1,Wild,Oregon,Individual tree,NA,7.5,Fire-insect Interactions; Tree Mortality,,,,
2006 - Bear,Bear,Westlind,262,2006,42.425827,-120.224726,2058,10,1,Wild,Oregon,Individual tree,NA,7.5,Fire-insect Interactions; Tree Mortality,,,,
2006 - Buffalo,Buffalo,Battaglia,590,2006,44.116661,-103.533339,1574,10,NA,RX,South Dakota,Fixed-area plot,0.001225,0.25; trees larger than 10 cm DBH not sampled,Tree Mortality,,,,
2006 - Bullock,Bullock,Battaglia,437,2006,43.999996,-103.533335,1559,1,24,Rx,South Dakota,Nested fixed-area plot,0.07 and 0.00125,0.25 and 0; trees larger than 10 cm DBH not sampled,Tree Mortality,,,,
2006 - Burnt Valley 10,Burnt Valley 10,Westlind,200,2006,48.403049,-117.623895,913,10,1,Rx,Washington,Individual tree,NA,7.5,Fire-insect Interactions; Tree Mortality,,,,
2006 - Burnt Valley 4,Burnt Valley 4,Westlind,235,2006,48.394162,-117.621949,985,10,1,Rx,Washington,Individual tree,NA,7.5,Fire-insect Interactions; Tree Mortality,,,,
2006 - Columbia,Columbia,Progar,928,2006,46.221475,-117.8127,984,8,21,Wild,Washington,Individual tree,NA,NA,Fire-insect Interactions; Tree Mortality,,,,
2006 - ELMA East Rendija,ELMA East Rendija,NPS,56,2006,34.949403,-108.114502,2359,NA,NA,NA,New Mexico,Fixed-area plot,0.1,15.1,Forest Dynamics; Fuel Treatment Effects,,,,
2006 - Geophysical,Geophysical,Westlind,297,2006,48.265552,-117.129723,762,10,1,Rx,Washington,Individual tree,NA,7.5,Fire-insect Interactions; Tree Mortality,,,,
2006 - GRCA Long Jim 2,GRCA Long Jim 2,NPS,64,2006,36.013177,-112.102591,2100,NA,NA,RX,Arizona,Fixed-area plot,0.1,15.1,Forest Dynamics; Fuel Treatment Effects,,,,
2006 - GRCA Rx300,GRCA Rx300,NPS,17,2006,36.005551,-112.055616,2183,NA,NA,RX,Arizona,Fixed-area plot,0.1,15.1,Forest Dynamics; Fuel Treatment Effects,,,,
2006 - Lafferty Gulch,Lafferty Gulch,Battaglia,713,2006,43.883325,-103.433341,1412,2,26,Wild,South Dakota,Nested fixed-area plot,0.07 and 0.00125,0.25 and 0; trees larger than 10 cm DBH not sampled,Tree Mortality,,,,
2006 - Lick,Lick,Westlind,444,2006,46.258052,-117.443341,1266,10,1,Rx,Oregon,Individual tree,NA,7.5,Fire-insect Interactions; Tree Mortality,,,,
2006 - Mitten,Mitten,Westlind,743,2006,42.409719,-120.79862,1756,10,1,Rx,Oregon,Individual tree,NA,7.5,Fire-insect Interactions; Tree Mortality,,,,
2006 - Northeastern Cascades Mission Creek WA 2006,Northeastern Cascades Mission Creek WA 2006,Bakker,433,2006,47.394304,-120.482139,723,NA,NA,RX,Washington,Fixed-area plot,0.1,0.1,Forest Dynamics; Fuel Treatment Effects,,,,
2006 - SEKI 74 Reburn,SEKI 74 Reburn,NPS,15,2006,36.70666304,-118.9205401,1903,7,5,RX,California,Fixed-area plot,0.1,15.1,Forest Dynamics; Fuel Treatment Effects,,,,
2006 - Shake Table,Shake Table,Progar,635,2006,44.296358,-119.247974,1467,8,1,Wild,Oregon,Individual tree,NA,NA,Fire-insect Interactions; Tree Mortality,,,,
2006 - Sharps Ridge,Sharps Ridge,Progar,443,2006,44.81599,-118.752351,1944,8,19,Wild,Oregon,Individual tree,NA,NA,Fire-insect Interactions; Tree Mortality,,,,
2006 - Sheep Creek,Sheep Creek,Westlind,146,2006,46.189991,-117.62501,1092,10,1,Wild,Oregon,Individual tree,NA,7.5,Fire-insect Interactions; Tree Mortality,,,,
2006 - Sisters,Sisters,Progar,783,2006,44.324927,-121.617641,1004,8,1,RX,Oregon,Individual tree,NA,NA,Fire-insect Interactions; Tree Mortality,,,,
2006 - Stateline,Stateline,Westlind,749,2006,42.049443,-120.856396,1690,10,1,Rx,Oregon,Individual tree,NA,7.5,Fire-insect Interactions; Tree Mortality,,,,
2006 - Tripod,Tripod,Prichard,7707,2006,48.581953,-120.071814,1306,6,4,Wild,Washington,Fixed-area plot; Nested fixed-area plot,0.2 ha thinned plots; 0.08 ha unthinned plots.,"10 cm thinned plots;  In unthinned stands, trees 0.1 cm to 10 cm dbh were sampled in nested subplots.",Fuel Treatment Effects; Tree Mortality,,,,
2006 - Tripod,Tripod,Westlind,1161,2006,48.581953,-120.071814,1306,6,4,Wild,Washington,Individual tree,NA,7.5,Fire-insect Interactions; Tree Mortality,,,,
2006 - ZION East Mesa,ZION East Mesa,NPS,98,2006,37.294557,-112.917952,2022,NA,NA,RX,Utah,Fixed-area plot,0.1,15.1,Forest Dynamics; Fuel Treatment Effects,,,,
2007 - Angora,Angora,Stevens,444,2007,38.885294,-120.0365,1939,6,24,Wild,California,Individual trees within plots,4 trees per plot; point-centered quarter method,10,Fuel Treatment Effects,,,,
2007 - Antelope,Antelope,Stevens,120,2007,40.141198,-120.575104,1733,7,5,Wild,California,Individual trees within plots,4 trees per plot; point-centered quarter method,10,Fuel Treatment Effects,,,,
2007 - CRLA Cornerstone,CRLA Cornerstone,NPS,44,2007,43.081721,-122.012488,1621,NA,NA,RX,Oregon,Fixed-area plot,0.1,15.1,Forest Dynamics; Fuel Treatment Effects,,,,
2007 - Egley,Egley,Progar,527,2007,43.735593,-119.436973,1625,7,6,Wild,Oregon,Individual tree,NA,NA,Fire-insect Interactions; Tree Mortality,,,,
2007 - Grapple,Grapple,Progar,260,2007,44.018098,-118.81489,1630,7,1,Wild,Oregon,Individual tree,NA,NA,Fire-insect Interactions; Tree Mortality,,,,
2007 - Grass Valley,Grass Valley,Stevens,120,2007,34.267388,-117.230106,1696,10,22,Wild,California,Individual trees within plots,4 trees per plot; point-centered quarter method,10,Fuel Treatment Effects,,,,
2007 - GRCA Grandview,GRCA Grandview,NPS,31,2007,35.98896,-111.994372,2280,NA,NA,RX,Arizona,Fixed-area plot,0.1,15.1,Forest Dynamics; Fuel Treatment Effects,,,,
2007 - GRCA Lonetree,GRCA Lonetree,NPS,9,2007,35.996648,-112.089361,2115,NA,NA,RX,Arizona,Fixed-area plot,0.1,15.1,Forest Dynamics; Fuel Treatment Effects,,,,
2007 - GRCA NW 1_3_5,GRCA NW 1_3_5,NPS,171,2007,36.344867,-112.268997,2475,NA,NA,RX,Arizona,Fixed-area plot,0.1,15.1,Forest Dynamics; Fuel Treatment Effects,,,,
2007 - GRCA Roost,GRCA Roost,NPS,27,2007,36.274949,-112.194794,2498,NA,NA,RX,Arizona,Fixed-area plot,0.1,15.1,Forest Dynamics; Fuel Treatment Effects,,,,
2007 - GRCA Tusayan,GRCA Tusayan,NPS,15,2007,36.000828,-112.114317,2072,NA,NA,RX,Arizona,Fixed-area plot,0.1,15.1,Forest Dynamics; Fuel Treatment Effects,,,,
2007 - GRCA Uncle Jim,GRCA Uncle Jim,NPS,66,2007,36.233005,-112.034161,2557,NA,NA,RX,Arizona,Fixed-area plot,0.1,15.1,Forest Dynamics; Fuel Treatment Effects,,,,
2007 - GRCA Walhalla,GRCA Walhalla,NPS,122,2007,36.236609,-111.988147,2587,NA,NA,PNF,Arizona,Fixed-area plot,0.1,15.1,Forest Dynamics; Fuel Treatment Effects,,,,
2007 - Monument,Monument,Progar,445,2007,44.937492,-119.510563,965,7,12,Wild,Oregon,Individual tree,NA,NA,Fire-insect Interactions; Tree Mortality,,,,
2007 - Monument,Monument,Westlind,484,2007,44.937492,-119.510563,965,7,12,Wild,Oregon,Individual tree,NA,7.5,Fire-insect Interactions; Tree Mortality,,,,
2007 - Neola North,Neola North,Lerch,1772,2007,40.589123,-110.025221,2899,6,29,Wild,Utah,Fixed-area plot,lodgepole plots 0.02 ha and ponderosa plots 0.04 ha,12.7,Fire-insect Interactions; Tree Mortality,,,,
2007 - Norris RX,Norris RX,Smith,103,2007,44.723195,-110.694635,2313,9,7,RX,Wyoming,Fixed-area plot,0.125,2.5,Fire Effects; Forest Dynamics; Tree Mortality,,,,
2007 - Owen,Owen,Westlind,750,2007,42.342495,-120.877505,1527,5,1,Rx,Oregon,Individual tree,NA,7.5,Fire-insect Interactions; Tree Mortality,,,,
2007 - Promontory,Promontory,Smith,64,2007,44.374833,-110.277336,2403,8,9,Wild,Wyoming,Fixed-area plot,0.125,2.5,Fire Effects; Forest Dynamics; Tree Mortality,,,,
2007 - PW-4,PW-4 ,USGS_Demog,3218,2007,37.8012519,-119.8694303,1500,6,6,RX,California,Fixed-area plot,1,0.1,Forest Dynamics,,,,
2007 - SEKI Wall Spring Rx,SEKI Wall Spring Rx,NPS,59,2007,36.554487,-118.773218,1927,NA,NA,RX,California,Fixed-area plot,0.1,15.1,Forest Dynamics; Fuel Treatment Effects,,,,
2007 - ZION Pine Valley Peak,ZION Pine Valley Peak,NPS,16,2007,37.34030943,-113.0905417,1937,10,NA,RX,Utah,Fixed-area plot,0.1,15.1,Forest Dynamics; Fuel Treatment Effects,,,,
2007 - ZION Three Finger Mesa,ZION Three Finger Mesa,NPS,80,2007,37.365777,-112.985726,2042,NA,NA,RX,Utah,Fixed-area plot,0.1,15.1,Forest Dynamics; Fuel Treatment Effects,,,,
2008 - American River Complex,American River Complex,Stevens,120,2008,39.229879,-120.63515,1609,6,21,Wild,California,Individual trees within plots,4 trees per plot; point-centered quarter method,10,Fuel Treatment Effects,,,,
2008 - BRCA Puma,BRCA Puma,NPS,258,2008,37.519645,-112.270528,2631,NA,NA,RX,Utah,Fixed-area plot,0.1,15.1,Forest Dynamics; Fuel Treatment Effects,,,,
2008 - BRCA Residential,BRCA Residential,NPS,40,2008,37.63591145,-112.1786322,2421,5,NA,RX,Utah,Fixed-area plot,0.1,15.1,Forest Dynamics; Fuel Treatment Effects,,,,
2008 - Cascadel,Cascadel,Stevens,40,2008,37.251173,-119.440191,1721,7,11,Wild,California,Individual trees within plots,4 trees per plot; point-centered quarter method,10,Fuel Treatment Effects,,,,
2008 - ELMA Agua Fria,ELMA Agua Fria,NPS,64,2008,34.982286,-108.033469,2273,NA,NA,NA,New Mexico,Fixed-area plot,0.1,15.1,Forest Dynamics; Fuel Treatment Effects,,,,
2008 - Gunbarrel,Gunbarrel,Harvey,4137,2008,44.495371,-109.695892,1994,9,11,Wild,Wyoming,Fixed-area plot,0.07,0.1,Fire-insect Interactions; Forest Dynamics; Remote Sensing,,,,
2008 - LAVO Butte Lake,LAVO Butte Lake,NPS,15,2008,40.581287,-121.29656,1794,NA,NA,RX,California,Fixed-area plot,0.1,15.1,Forest Dynamics; Fuel Treatment Effects,,,,
2008 - Lower Middle Mountain,Lower Middle Mountain,Roccaforte,2463,2008,37.291911,-107.229967,2466,10,NA,RX,Colorado,Fixed-area plot,0.04,0 (every tree counted),Forest Restoration Treatment Evaluation,,,,
2008 - Mineral Ecosystem Management Area,Mineral Ecosystem Management Area,Roccaforte,4791,2008,34.16666,-109.633335,2520,10,NA,RX,Arizona,Fixed-area plot,0.04,0 (every tree counted),Forest Restoration Treatment Evaluation,,,,
2008 - New Fork,New Fork,Harvey,11131,2008,43.091132,-109.91709,2619,NA,NA,Wild,Wyoming,Fixed-area plot,0.07,0.1,Fire-insect Interactions; Forest Dynamics; Remote Sensing,,,,
2008 - Peterson,Peterson,Stevens,180,2008,40.894968,-121.317015,1313,8,24,Wild,California,Individual trees within plots,4 trees per plot; point-centered quarter method,10,Fuel Treatment Effects,,,,
2008 - Piute,Piute,Stevens,140,2008,35.48923,-118.356771,2267,6,29,Wild,California,Individual trees within plots,4 trees per plot; point-centered quarter method,10,Fuel Treatment Effects,,,,
2008 - Rich,Rich,Stevens,120,2008,40.061369,-121.124426,1872,6,28,Wild,California,Individual trees within plots,4 trees per plot; point-centered quarter method,10,Fuel Treatment Effects,,,,
2008 - SEKI Crystal,SEKI Crystal,NPS,88,2008,36.60068116,-118.8102175,1922,9,10,Wild,California,Fixed-area plot,0.1,15.1,Forest Dynamics; Fuel Treatment Effects,,,,
2008 - WHIS Sunshine,WHIS Sunshine,NPS,10,2008,40.635762,-122.526897,646,NA,NA,Wild,California,Fixed-area plot,0.1,15.1,Forest Dynamics; Fuel Treatment Effects,,,,
2008 - WHIS White Rock,WHIS White Rock,NPS,15,2008,40.646059,-122.538143,508,NA,NA,Wild,California,Fixed-area plot,0.1,15.1,Forest Dynamics; Fuel Treatment Effects,,,,
2008 - ZION East Mesa,ZION East Mesa,NPS,43,2008,37.29455676,-112.9179515,2022,5,NA,RX,Utah,Fixed-area plot,0.1,15.1,Forest Dynamics; Fuel Treatment Effects,,,,
2008 - ZION Three Finger Mesa,ZION Three Finger Mesa,NPS,92,2008,37.36577708,-112.9857257,2042,10,NA,Rx,Utah,Fixed-area plot,0.1,15.1,Forest Dynamics; Fuel Treatment Effects,,,,
2009 - CRCRPIPO,Big Meadow,USGS_Demog,1518,2009,37.73075469,-119.7692514,1637,8,26,Wild,California,Fixed-area plot,1,0.1,forest dynamics,,,,
2009 - GRCA Hearst,GRCA Hearst,NPS,39,2009,35.970416,-111.970228,2264,NA,NA,RX,Arizona,Fixed-area plot,0.1,15.1,Forest Dynamics; Fuel Treatment Effects,,,,
2009 - GRCA Picnic,GRCA Picnic,NPS,19,2009,36.028934,-112.120147,2108,NA,NA,RX,Arizona,Fixed-area plot,0.1,15.1,Forest Dynamics; Fuel Treatment Effects,,,,
2009 - GRCA Walhalla,GRCA Walhalla,NPS,170,2009,36.146297,-111.951158,2427,NA,NA,NA,Arizona,Fixed-area plot,0.1,15.1,Forest Dynamics; Fuel Treatment Effects,,,,
2009 - Milford,Milford,Stevens,76,2009,40.106457,-120.39571,1724,4,4,Wild,California,Individual trees within plots,4 trees per plot; point-centered quarter method,10,Fuel Treatment Effects,,,,
2009 - REDW Eastside,REDW Eastside,Engber,78,2009,41.147049,-123.867833,868,10,1,RX,California,Individual tree,NA,NA,Tree mortality,,,,
2009 - REDW Eastside,REDW Eastside,NPS,54,2009,41.147049,-123.867833,868,10,1,RX,California,Fixed-area plot,0.1,15.1,Forest Dynamics; Fuel Treatment Effects,,,,
2009 - Silver,Silver,Stevens,120,2009,39.953982,-121.089119,1303,9,19,Wild,California,Individual trees within plots,4 trees per plot; point-centered quarter method,10,Fuel Treatment Effects,,,,
2010 - CRLA Phoenix,CRLA Phoenix,NPS,254,2010,43.062247,-122.005665,1593,NA,NA,Wild,Oregon,Fixed-area plot,0.1,15.1,Forest Dynamics; Fuel Treatment Effects,,,,
2010 - Gilles Creek,Gilles Creek,Rogers,823,2010,64.332224,-145.763373,366,5,26,Wild,Alaska,Fixed-area plot,0.006,0 (every tree counted),Carbon Emissions,,,,
2011 - Cougar,Cougar,Stevens,80,2011,41.632636,-121.420813,1427,9,11,Wild,California,Individual trees within plots,4 trees per plot; point-centered quarter method,10,Fuel Treatment Effects,,,,
2011 - East Fork,East Fork,Harvey,200,2011,45.849158,-115.019204,1992,NA,NA,Wild,Idaho,Fixed-area plot,0.07,0.1,Fire-insect Interactions; Forest Dynamics; Remote Sensing,,,,
2011 - Forty One Complex,Forty One Complex,Harvey,279,2011,46.25004,-113.835676,2038,NA,NA,Wild,Montana,Fixed-area plot,0.07,0.1,Fire-insect Interactions; Forest Dynamics; Remote Sensing,,,,
2011 - Grayhills,Grayhills,Harvey,145,2011,43.615039,-110.320232,2567,NA,NA,Wild,Wyoming,Fixed-area plot,0.07,0.1,Fire-insect Interactions; Forest Dynamics; Remote Sensing,,,,
2011 - High Peak,High Peak,McDaniel,2036,2011,34.471122,-93.614938,377,7,29,Wild,Arkansas,Fixed-area plot,0.03,2.5,Tree Mortality,,,,
2011 - Lutz,Lutz,Harvey,90,2011,46.184495,-113.668068,2103,NA,NA,Wild,Montana,Fixed-area plot,0.07,0.1,Fire-insect Interactions; Forest Dynamics; Remote Sensing,,,,
2011 - Puzzle,Puzzle,Harvey,201,2011,48.208192,-113.252763,1907,NA,NA,Wild,Montana,Fixed-area plot,0.07,0.1,Fire-insect Interactions; Forest Dynamics; Remote Sensing,,,,
2011 - Red Rock,Red Rock,Harvey,1193,2011,43.550948,-110.335573,2607,NA,NA,Wild,Wyoming,Fixed-area plot,0.07,0.1,Fire-insect Interactions; Forest Dynamics; Remote Sensing,,,,
2011 - Saddle Complex,Saddle Complex,Harvey,458,2011,45.503957,-114.46461,1853,NA,NA,Wild,Idaho,Fixed-area plot,0.07,0.1,Fire-insect Interactions; Forest Dynamics; Remote Sensing,,,,
2011 - Salt,Salt,Harvey,513,2011,44.967853,-114.171423,2620,NA,NA,Wild,Idaho,Fixed-area plot,0.07,0.1,Fire-insect Interactions; Forest Dynamics; Remote Sensing,,,,
2011 - Wallow,Wallow,Roccaforte,1342,2011,33.883326,-109.300005,2629,5,11,Wild,Arizona,Fixed-area plot,0.04,0 (every tree counted),Wildfire Effects,,,,
2012 - Little Sands,Little Sands,Andrus,690,2012,37.46882,-107.30355,2971,5,13,Wild,Colorado,Fixed-area plot,0.04,4,Fire-insect Interactions; Tree Mortality,,,,
2012 - Poison,Poison,Bakker,1444,2012,47.457614,-120.514834,628,NA,NA,Wild,Washington,Fixed-area plot,0.1,0.1,Forest Dynamics; Fuel Treatment Effects,,,,
2012 - Pole Creek,Pole Creek,Agne,2402,2012,44.177581,-121.676697,1506,9,9,Wild,Oregon,Fixed-area plot,0.04,5,Fire-insect Interactions; Forest Dynamics,,,,
2012 - Pole Creek,Pole Creek,Vaillant,2545,2012,44.177581,-121.676697,1506,9,9,Wild,Oregon,Nested fixed-area plot,0.082754 and 0.0225,15 and 5.0,Fire Effects; Forest Dynamics; Remote Sensing,,,,
2013 - East Fork,East Fork,Andrus,321,2013,38.209918,-107.485546,3454,6,15,Wild,Colorado,Fixed-area plot,0.04,4,Fire-insect Interactions; Tree Mortality,,,,
2013 - Mountain,Mountain,Coleman,191,2013,33.710299,-116.706217,1447,7,15,Wild,California,Individual tree,NA,16.5,Fire-insect Interactions; Tree Mortality,,,,
2013 - Papoose,Papoose,Andrus,1084,2013,37.736057,-107.163435,3243,6,5,Wild,Colorado,Fixed-area plot,0.04,4,Fire-insect Interactions; Tree Mortality,,,,
2013 - Rim,Rim,Cluck,200,2013,37.901918,-120.083587,1218,8,17,Wild,California,Individual tree,NA,25,Fire-insect Interactions; Tree Mortality,,,,
2013 - Salmon Complex,Salmon Complex,Cluck,200,2013,41.31864,-123.1824,711,7,31,Wild,California,Individual tree,NA,25,Fire-insect Interactions; Tree Mortality,,,,
2013 - Westfork,Westfork,Andrus,1564,2013,37.551838,-106.872494,3521,6,5,Wild,Colorado,Fixed-area plot,0.04,4,Fire-insect Interactions; Tree Mortality,,,,
2013 - Windy Pass,Windy Pass,Andrus,438,2013,37.446393,-106.823459,3210,6,5,Wild,Colorado,Fixed-area plot,0.04,4,Fire-insect Interactions; Tree Mortality,,,,
2014 - Carlton Complex,Carlton Complex,Dickinson,3490,2014,48.232886,-119.950713,1058,7,14,Wild,Washington,Nested fixed-area plot,0.08 and 0.008,14.9 and 0.1,Fire-insect Interactions; Tree Mortality,,,,
2014 - Driggs River Road,Driggs River Road,Corace,28,2014,46.331816,-86.117542,229,8,5,RX,Michigan,Fixed-area plot,0.01,12.7,Fuel Treatment Effects; Tree Mortality; Wildlife Response,,,,
2014 - San Juan,San Juan,Roccaforte,3415,2014,34.166667,-109.633333,2520,6,26,Wild,Arizona,Fixed-area plot,0.04,0 (every tree counted),Wildfire Effects,,,,
2015 - Grizzly,Grizzly,Hood_Idaho,1135,2015,47.806091,-116.108653,1132,NA,NA,Wild,Idaho,Fixed-area plot,0.04,12.7,Forest Dynamics; Tree Mortality,,,,
2015 - Paradise,Paradise,Kopper,60,2015,47.694386,-123.821153,207,5,15,Wild,Washington,Fixed-area plot,0.2; four 0.4988 ha subplots,0.1,Forest Dynamics,,,,
2015 - Tower,Tower,Hood_Idaho,1021,2015,48.463209,-117.127832,1295,NA,NA,Wild,Washington,Fixed-area plot,0.04,12.7,Forest Dynamics; Tree Mortality,,,,
2015 - Wooded Hills,Wooded Hills,Coleman,354,2015,32.853365,-116.438072,1832,2,5,RX,California,Individual tree,NA,11.4,Fire-insect Interactions; Tree Mortality,,,,
2016 - Angel,Angel,FERA,220,2016,46.800265,-121.08347,874,9,27,RX,Washington,Nested fixed-area plot,0.0707 and 0.0013,5 and 0.1,Fuel Treatment Effects; Tree Mortality,,,,
2016 - Chumstick ZUI,Chumstick ZUI,FERA,152,2016,47.674619,-120.538474,805,10,4,RX,Washington,Nested fixed-area plot,0.0707 and 0.0013,5 and 0.1,Fuel Treatment Effects; Tree Mortality,,,,
2016 - Maple,Maple,Smith,52,2016,44.673233,-110.977518,2091,8,NA,Wild,Wyoming,Fixed-area plot,0.02,0.1,Fire Effects; Forest Dynamics; Tree Mortality,,,,
2016 - Orion 2,Orion 2,FERA,278,2016,47.326231,-120.685703,1012,9,22,RX,Washington,Nested fixed-area plot,0.0707 and 0.0013,5 and 0.1,Fuel Treatment Effects; Tree Mortality,,,,
2016 - Paradise 90,Paradise 90,FERA,100,2016,48.549083,-118.387639,1030,9,28,RX,Washington,Nested fixed-area plot,0.0707 and 0.0013,5 and 0.1,Fuel Treatment Effects; Tree Mortality,,,,
